old_path	symlink_target	reference_count
JP_PLOTS_CLEAR	structured/distance_profiles/JP_PLOTS_CLEAR	1
bahadur_vmf	structured/other/bahadur_vmf	2
bootstrap_calibration	structured/calibration/bootstrap_calibration	4
comets	structured/comets/comets	3
comets_distance_profile_cardioid	structured/distance_profiles/comets_distance_profile_cardioid	1
comets_distance_profile_jp	structured/distance_profiles/comets_distance_profile_jp	3
comets_distance_profile_spherical_cauchy	structured/distance_profiles/comets_distance_profile_spherical_cauchy	2
dataset_downloads	structured/real_data/dataset_downloads	1
gaussian_process_normal	structured/convergence/gaussian_process_normal	6
gaussian_process_s1	structured/convergence/gaussian_process_s1	1
gaussian_process_vmf	structured/convergence/gaussian_process_vmf	2
gaussian_process_vmf_integral	structured/convergence/gaussian_process_vmf_integral	1
hvmf_geodesic	structured/distance_profiles/hvmf_geodesic	2
jp_geodesic	structured/distance_profiles/jp_geodesic	1
jp_projected_poor_mans_h0_kappa1_psi0p5	structured/distance_profiles/jp_projected_poor_mans_h0_kappa1_psi0p5	1
jp_projected_poor_mans_kappa1_psi0	structured/distance_profiles/jp_projected_poor_mans_kappa1_psi0	1
jp_projected_poor_mans_kappa1_psi0p5	structured/distance_profiles/jp_projected_poor_mans_kappa1_psi0p5	1
jp_projected_poor_mans_kappa2_psineg0p5	structured/distance_profiles/jp_projected_poor_mans_kappa2_psineg0p5	1
jp_projected_poor_mans_single_kappa1_psi0p5_n1000	structured/distance_profiles/jp_projected_poor_mans_single_kappa1_psi0p5_n1000	1
jp_projected_poor_mans_validation	structured/distance_profiles/jp_projected_poor_mans_validation	1
logistic_gaussian	structured/other/logistic_gaussian	1
logistic_gaussian_composite	structured/other/logistic_gaussian_composite	1
logistic_gaussian_composite_B1000_10cores	structured/other/logistic_gaussian_composite_B1000_10cores	1
logistic_gaussian_composite_B1000_1core_coffee	structured/other/logistic_gaussian_composite_B1000_1core_coffee	1
logistic_gaussian_composite_B1000_1core_householdexp	structured/other/logistic_gaussian_composite_B1000_1core_householdexp	1
logistic_gaussian_composite_B1000_1core_sediments	structured/other/logistic_gaussian_composite_B1000_1core_sediments	1
logistic_gaussian_composite_B1000_2cores	structured/other/logistic_gaussian_composite_B1000_2cores	1
logistic_gaussian_composite_hydrochem_B200	structured/other/logistic_gaussian_composite_hydrochem_B200	1
logistic_gaussian_screening	structured/real_data/logistic_gaussian_screening	1
mvnorm	structured/other/mvnorm	3
rotational_beta_mixture2_geodesic	structured/distance_profiles/rotational_beta_mixture2_geodesic	1
rotational_logitnormal_mixture2_geodesic	structured/distance_profiles/rotational_logitnormal_mixture2_geodesic	1
rotational_logitnormal_mle_diagnostic_20260601	structured/diagnostics/rotational_logitnormal_mle_diagnostic_20260601	1
rotational_mixture_mle_validation_20260601	structured/diagnostics/rotational_mixture_mle_validation_20260601	1
rotmix_unattended_sequence_20260601	structured/other/rotmix_unattended_sequence_20260601	1
small_circle_validation	structured/diagnostics/small_circle_validation	1
spherical_cauchy_chordal	structured/distance_profiles/spherical_cauchy_chordal	1
spherical_cauchy_geodesic	structured/distance_profiles/spherical_cauchy_geodesic	1
spherical_cauchy_mle_quality	structured/diagnostics/spherical_cauchy_mle_quality	1
vmf_chordal	structured/distance_profiles/vmf_chordal	2
vmf_geodesic	structured/distance_profiles/vmf_geodesic	2
