"datetime","year","month","day","speed","speed_mean","r","theta","theta_deg","x0","x1","x2"
1996-05-04 11:55:00,1996,5,4,6.2,6.75765957446808,0.917477409401467,5.02654824574367,288,1.45124703264381,0.324999792784936,-1.00024651183957
1996-05-08 11:55:00,1996,5,8,4.74,6.75765957446808,0.701426277510154,2.8623399732707,164,1.25625223354627,-0.730919067280028,0.20958766990568
1996-05-12 11:55:00,1996,5,12,3.49,6.75765957446808,0.516450993356632,6.07374579694027,348,1.1363514783628,0.527923108178921,-0.112213520700663
1996-05-16 11:55:00,1996,5,16,5.05,6.75765957446808,0.747300147980227,4.52040276266531,259,1.29246786709623,-0.156239036620723,-0.803780163298471
1996-05-20 11:55:00,1996,5,20,5.15,6.75765957446808,0.762098170712509,5.44542726622231,312,1.30472680535929,0.560758610589469,-0.622785530718895
1996-05-24 11:55:00,1996,5,24,7.08,6.75765957446808,1.04770000944555,3.57792496658838,205,1.60091481451695,-1.13303997126929,-0.52834521559859
1996-05-28 11:55:00,1996,5,28,11.13,6.75765957446808,1.64701993010296,5.55014702134197,318,2.69205442295414,1.85743946588261,-1.67244600711912
1996-06-04 11:55:00,1996,6,4,6.54,6.75765957446808,0.967790686691225,3.73500459926787,214,1.50602216197708,-0.933579778200909,-0.629707511548377
1996-06-08 11:55:00,1996,6,8,7.14,6.75765957446808,1.05657882308492,2.28638132011257,131,1.61207810136062,-0.829543981630415,0.954281188867954
1996-06-12 11:55:00,1996,6,12,11.98,6.75765957446808,1.77280312332735,4.50294947014537,258,3.02859468354807,-0.594365153171099,-2.79626819563352
1996-06-16 11:55:00,1996,6,16,3.56,6.75765957446808,0.52680960926923,5.56760031386191,319,1.14200326810129,0.416235480390451,-0.361827982911985
1996-06-20 11:55:00,1996,6,20,6.5,6.75765957446808,0.961871477598312,4.08407044966673,234,1.49938288099349,-0.656677152010252,-0.903838559613411
1996-06-24 11:55:00,1996,6,24,3.39,6.75765957446808,0.501652970624351,4.85201532054424,278,1.12848886134436,0.0727819580357565,-0.51787054054346
1996-06-28 11:55:00,1996,6,28,4.37,6.75765957446808,0.646673593400712,5.30580092606276,304,1.21648237601286,0.387351342454451,-0.574271981423981
1996-07-04 11:55:00,1996,7,4,6.74,6.75765957446808,0.997386732155789,3.40339204138894,195,1.54001478481197,-1.13126597620754,-0.303121804749615
1996-07-08 11:55:00,1996,7,8,2.28,6.75765957446808,0.337394918296023,5.39306738866248,309,1.05745965518535,0.21638092625043,-0.267208190555076
1996-07-12 11:55:00,1996,7,12,9.04,6.75765957446808,1.33774125499827,5.28834763354282,303,2.03643238724414,0.966186711208655,-1.48779706509345
1996-07-16 11:55:00,1996,7,16,13.06,6.75765957446808,1.93262176883599,5.6025068989018,321,3.52618239776285,2.62785242520472,-2.12799293552356
1996-07-20 11:55:00,1996,7,20,1.74,6.75765957446808,0.257485595541702,6.26573201465964,359,1.03333296848003,0.260300556630135,-0.00454356311683043
1996-07-24 11:55:00,1996,7,24,6.94,6.75765957446808,1.02698277762035,2.16420827247297,124,1.57535644496134,-0.680689130520265,1.00916313660022
1996-07-28 11:55:00,1996,7,28,6.97,6.75765957446808,1.03142218444004,5.0789081233035,291,1.58077594635719,0.438741406896576,-1.14296044133465
1997-05-04 11:55:00,1997,5,4,1.33,6.75765957446808,0.196813702339347,6.16101225953998,353,1.01943041621424,0.196610273915783,-0.0241407061517493
1997-05-08 11:55:00,1997,5,8,12.01,6.75765957446808,1.77724253014704,2.19911485751286,126,3.04131567271055,-1.68824377812414,2.32366821355802
1997-05-12 11:55:00,1997,5,12,6.26,6.75765957446808,0.926356223040836,3.92699081698724,225,1.46064239753843,-0.752820102510163,-0.752820102510163
1997-05-16 11:55:00,1997,5,16,4.58,6.75765957446808,0.677749441138503,2.12930168743308,122,1.2385994235113,-0.387286712172575,0.619788298128556
1997-05-20 11:55:00,1997,5,20,10.79,6.75765957446808,1.5967066528132,1.93731546971371,111,2.5696548647939,-0.848290026610303,2.20987107201132
1997-05-24 11:55:00,1997,5,24,1.97,6.75765957446808,0.29152104782595,5.0789081233035,291,1.04279404647925,0.105957848333725,-0.276029632012672
1997-05-28 11:55:00,1997,5,28,5.76,6.75765957446808,0.852366109379428,5.46288055874225,313,1.38579704182138,0.6543039240109,-0.701655054955658
1997-06-04 11:55:00,1997,6,4,2.65,6.75765957446808,0.392147602405466,5.82939970166106,334,1.0778802778294,0.361563176754234,-0.176346144128439
1997-06-08 11:55:00,1997,6,8,8.46,6.75765957446808,1.25191272315103,2.35619449019234,135,1.89149136115002,-1.13528401056854,1.13528401056854
1997-06-12 11:55:00,1997,6,12,9.1,6.75765957446808,1.34662006863764,2.2165681500328,127,2.05226383161555,-1.07854031079791,1.43127133435324
1997-06-16 11:55:00,1997,6,16,12.72,6.75765957446808,1.88230849154624,4.5553093477052,261,3.3604446537602,-0.501874051093336,-3.16870805026665
1997-06-20 11:55:00,1997,6,20,4.41,6.75765957446808,0.652592802493624,2.32128790515246,133,1.22060393038205,-0.477337446254581,0.511881741486501
1997-06-24 11:55:00,1997,6,24,7.38,6.75765957446808,1.09209407764239,4.59021593274509,263,1.65801106311126,-0.161171950262089,-1.31264019740675
1997-06-28 11:55:00,1997,6,28,3.32,6.75765957446808,0.491294354711753,2.89724655831059,166,1.12313216768802,-0.496110474227131,0.123694233728634
1997-07-04 11:55:00,1997,7,4,4.2,6.75765957446808,0.621516954755833,5.75958653158129,330,1.19943955517728,0.573577749649426,-0.331155268161276
1997-07-08 11:55:00,1997,7,8,9.81,6.75765957446808,1.45168603003684,5.7246799465414,328,2.25224172291597,1.71141753308985,-1.06941236474812
1997-07-12 11:55:00,1997,7,12,4.51,6.75765957446808,0.667390825225906,5.88175957922089,337,1.23109523918728,0.660968308402406,-0.280564401229486
1997-07-16 11:55:00,1997,7,16,4.85,6.75765957446808,0.717704102515664,2.07694180987325,119,1.26879646308177,-0.378600141761087,0.683012735889532
1997-07-20 11:55:00,1997,7,20,9.34,6.75765957446808,1.38213532319511,0.122173047639603,7,2.11722016013208,1.85226802587334,0.227429916231348
1997-07-24 11:55:00,1997,7,24,3.73,6.75765957446808,0.551966247914109,2.96705972839036,170,1.15624043712867,-0.571605994726063,0.100789559204905
1997-07-28 11:55:00,1997,7,28,12.96,6.75765957446808,1.91782374610371,4.86946861306418,279,3.47652841798342,0.520864516185881,-3.28860912800909
1998-05-04 11:55:00,1998,5,4,10.19,6.75765957446808,1.50791851641951,5.82939970166106,334,2.36934427761401,1.93058624305359,-0.94160982577417
1998-05-08 11:55:00,1998,5,8,8.83,6.75765957446808,1.30666540726048,4.17133691226645,239,1.98227850648841,-0.881517129661596,-1.46709087223631
1998-05-12 11:55:00,1998,5,12,5.79,6.75765957446808,0.856805516199112,1.64060949687467,94,1.39006984409441,-0.0673536294095933,0.963201775364851
1998-05-16 11:55:00,1998,5,16,4.61,6.75765957446808,0.682188847958188,0.558505360638185,32,1.24185613996565,0.624457537841474,0.390204376965896
1998-05-20 11:55:00,1998,5,20,10.76,6.75765957446808,1.59226724599351,5.53269372882203,317,2.55917166626831,1.72285567820995,-1.60658891116871
1998-05-24 11:55:00,1998,5,24,5.86,6.75765957446808,0.867164132111709,4.88692190558412,280,1.40014640264058,0.170176095537706,-0.965116596756519
1998-05-28 11:55:00,1998,5,28,4.98,6.75765957446808,0.73694153206763,2.70526034059121,155,1.28405517140009,-0.730012600971091,0.340410466382469
1998-06-04 11:55:00,1998,6,4,5.96,6.75765957446808,0.881962154843991,5.14872129338327,295,1.41480237518187,0.422970105750839,-0.907062318951333
1998-06-08 11:55:00,1998,6,8,10.22,6.75765957446808,1.51235792323919,3.85717764690747,221,2.37890338731284,-1.62905095673319,-1.416112391915
1998-06-12 11:55:00,1998,6,12,7.62,6.75765957446808,1.12760933219987,5.70722665402146,327,1.70603554926656,1.15923486750539,-0.752815925257308
1998-06-16 11:55:00,1998,6,16,11.91,6.75765957446808,1.76244450741475,4.6774823953448,268,2.99914406690754,-0.0986789988955876,-2.82579680607854
1998-06-20 11:55:00,1998,6,20,5.99,6.75765957446808,0.886401561663676,5.02654824574367,288,1.41925943427339,0.311218215187918,-0.95783117735292
1998-06-24 11:55:00,1998,6,24,4.95,6.75765957446808,0.732502125247946,5.81194640914112,333,1.28049196052025,0.712615666454901,-0.363095817767205
1998-06-28 11:55:00,1998,6,28,6.03,6.75765957446808,0.892320770756588,4.24115008234622,243,1.42524570587581,-0.461046368308559,-0.904854445967374
1998-07-04 11:55:00,1998,7,4,9.24,6.75765957446808,1.36733730046283,5.09636141582344,292,2.0898352245098,0.687422111277238,-1.70142943036997
1998-07-08 11:55:00,1998,7,8,5.45,6.75765957446808,0.806492238909354,6.14355896702004,352,1.34322896900486,0.888080035954697,-0.124811509535603
1998-07-12 11:55:00,1998,7,12,9.92,6.75765957446808,1.46796385504235,4.93928178314395,283,2.28539130060597,0.462273781607385,-2.00232773234649
1998-07-16 11:55:00,1998,7,16,5.93,6.75765957446808,0.877522748024307,4.50294947014537,258,1.41037319953234,-0.206780961485606,-0.972827937472084
1998-07-20 11:55:00,1998,7,20,4.17,6.75765957446808,0.617077547936148,4.20624349730633,241,1.19651109910405,-0.318516160909887,-0.574618365107154
1998-07-24 11:55:00,1998,7,24,10.66,6.75765957446808,1.57746922326123,4.5553093477052,261,2.5245907859237,-0.362629755781468,-2.28955416983148
1998-07-28 11:55:00,1998,7,28,1.06,6.75765957446808,0.156859040962186,1.20427718387609,69,1.01232762481953,0.0564440555573362,0.147041791899386
1999-05-04 11:55:00,1999,5,4,3.34,6.75765957446808,0.49425395925821,2.89724655831059,166,1.12465032932942,-0.499337940977144,0.124498931567657
1999-05-08 11:55:00,1999,5,8,12.54,6.75765957446808,1.85567205062813,2.04203522483337,117,3.27617153644002,-1.41637032190632,2.77978327345905
1999-05-12 11:55:00,1999,5,12,9.24,6.75765957446808,1.36733730046283,2.35619449019234,135,2.0898352245098,-1.29757683117454,1.29757683117454
1999-05-16 11:55:00,1999,5,16,2.58,6.75765957446808,0.381788986492869,5.846852994181,335,1.07377101114314,0.354485911259726,-0.165299495128464
1999-05-20 11:55:00,1999,5,20,12.48,6.75765957446808,1.84679323698876,1.93731546971371,111,3.24859997584965,-1.10766436419552,2.88556432251677
1999-05-24 11:55:00,1999,5,24,8.02,6.75765957446808,1.18680142312899,3.80481776934764,218,1.79088995974506,-1.17074289797027,-0.91468459851899
1999-05-28 11:55:00,1999,5,28,9.64,6.75765957446808,1.42652939139196,2.35619449019234,135,2.20218130634717,-1.38737206725971,1.38737206725971
1999-06-04 11:55:00,1999,6,4,8.7,6.75765957446808,1.28742797770851,3.63028484414821,208,1.94971732520022,-1.47782260993177,-0.785772220023303
1999-06-08 11:55:00,1999,6,8,7.89,6.75765957446808,1.16756399357703,2.07694180987325,119,1.76263865731008,-0.703708309181063,1.26952339554395
1999-06-12 11:55:00,1999,6,12,3.64,6.75765957446808,0.538648027455055,5.04400153826361,289,1.14861254021607,0.183970716387699,-0.534289755706968
1999-06-16 11:55:00,1999,6,16,4.77,6.75765957446808,0.705865684329838,5.2010811709431,298,1.25964023657237,0.359596071703208,-0.676301848886801
1999-06-20 11:55:00,1999,6,20,10.25,6.75765957446808,1.51679733005888,3.56047167406843,204,2.3885093813086,-1.98156771531267,-0.882250788738499
1999-06-24 11:55:00,1999,6,24,7.32,6.75765957446808,1.08321526400302,4.22369678982628,242,1.64633405016973,-0.613988365015507,-1.15474416749939
1999-06-28 11:55:00,1999,6,28,4.83,6.75765957446808,0.714744497969208,4.01425727958696,230,1.26649078623553,-0.499557604938587,-0.595349570393319
1999-07-04 11:55:00,1999,7,4,6.19,6.75765957446808,0.915997607128239,4.71238898038469,270,1.44969228130592,-1.928038022447e-16,-1.04957501422145
1999-07-08 11:55:00,1999,7,8,5.56,6.75765957446808,0.822770063914864,5.81194640914112,333,1.35800565259841,0.818649963712276,-0.417122990739095
1999-07-12 11:55:00,1999,7,12,4.87,6.75765957446808,0.72066370706212,2.30383461263252,132,1.27111325365306,-0.525056048212179,0.583133818131206
1999-07-16 11:55:00,1999,7,16,7.36,6.75765957446808,1.08913447309594,4.41568300754565,253,1.6541042480905,-0.385227971093014,-1.26002391796291
1999-07-20 11:55:00,1999,7,20,4.27,6.75765957446808,0.63187557066843,3.82227106186758,219,1.20636464939185,-0.524395422151523,-0.424647039938859
1999-07-24 11:55:00,1999,7,24,7.89,6.75765957446808,1.16756399357703,4.59021593274509,263,1.76263865731008,-0.176895148130655,-1.44069536780394
1999-07-28 11:55:00,1999,7,28,2.08,6.75765957446808,0.30779887283146,5.56760031386191,319,1.04774524341567,0.235984175758054,-0.20513791432097
2000-05-04 11:55:00,2000,5,4,1.95,6.75765957446808,0.288561443279494,2.8623399732707,164,1.04192355261463,-0.281248629720901,0.0806467468234562
2000-05-08 11:55:00,2000,5,8,5.97,6.75765957446808,0.883441957117219,1.51843644923507,87,1.41628495905896,0.0524891571004306,1.00155278125695
2000-05-12 11:55:00,2000,5,12,8.23,6.75765957446808,1.21787727086679,6.02138591938044,345,1.83793140183135,1.48952898249704,-0.399118087962833
2000-05-16 11:55:00,2000,5,16,7.33,6.75765957446808,1.08469506627625,2.53072741539178,145,1.64827118128423,-1.07330735263551,0.751537899131292
2000-05-20 11:55:00,2000,5,20,2.82,6.75765957446808,0.417304241050345,2.72271363311115,156,1.0883423442642,-0.392387776171568,0.174702293716007
2000-05-24 11:55:00,2000,5,24,8.2,6.75765957446808,1.2134378640471,3.71755130674792,213,1.83110359737635,-1.28646170903029,-0.835438002202117
2000-05-28 11:55:00,2000,5,28,9.76,6.75765957446808,1.4442870186707,2.37364778271229,136,2.23737153919118,-1.43972790906316,1.39032908055875
2000-06-04 11:55:00,2000,6,4,4.25,6.75765957446808,0.628915966121974,1.37881010907552,79,1.20437287510675,0.128071649023078,0.658871516313618
2000-06-08 11:55:00,2000,6,8,9.43,6.75765957446808,1.39545354365417,4.93928178314395,283,2.14226284178012,0.426179261571038,-1.84598518961519
2000-06-12 11:55:00,2000,6,12,10.22,6.75765957446808,1.51235792323919,4.31096325242599,247,2.37890338731284,-0.843398487803751,-1.98692232282464
2000-06-16 11:55:00,2000,6,16,10.36,6.75765957446808,1.53307515506439,5.58505360638185,320,2.42413554998815,1.69162893349634,-1.41944521418559
2000-06-20 11:55:00,2000,6,20,3.35,6.75765957446808,0.495733761531438,3.78736447682769,217,1.12541310348218,-0.412326977869462,-0.310710664140178
2000-06-24 11:55:00,2000,6,24,4.05,6.75765957446808,0.59931992065741,3.21140582366957,184,1.18503251740282,-0.634298626309998,-0.0443544807580059
2000-06-28 11:55:00,2000,6,28,4.35,6.75765957446808,0.643713988854255,5.39306738866248,309,1.21443759106844,0.433664614165982,-0.535531198923441
2000-07-04 11:55:00,2000,7,4,3.55,6.75765957446808,0.525329806996001,2.28638132011257,131,1.1411883814599,-0.360719678915048,0.414960522486778
2000-07-08 11:55:00,2000,7,8,8.93,6.75765957446808,1.32146342999276,4.99164166070378,286,2.00782413845412,0.479906545344112,-1.67363301792685
2000-07-12 11:55:00,2000,7,12,8,6.75765957446808,1.18384181858254,5.37561409614254,308,1.78650072986359,0.911425393171562,-1.16657130535823
2000-07-16 11:55:00,2000,7,16,3.68,6.75765957446808,0.544567236547968,5.35816080362259,307,1.15197748417461,0.344168811311459,-0.456727438814124
2000-07-20 11:55:00,2000,7,20,7.86,6.75765957446808,1.16312458675734,5.04400153826361,289,1.7562121410778,0.470024029368905,-1.3650488988622
2000-07-24 11:55:00,2000,7,24,1.22,6.75765957446808,0.180535877333837,4.0317105721069,231,1.01634091282309,-0.114233094460242,-0.141066123531152
2000-07-28 11:55:00,2000,7,28,2.45,6.75765957446808,0.362551556940902,6.00393262686049,344,1.06644487015572,0.356192095297579,-0.102136439770343
2001-05-04 11:55:00,2001,5,4,7.42,6.75765957446808,1.0980132867353,5.46288055874225,313,1.66586829637794,0.908650445951722,-0.974408306588602
2001-05-08 11:55:00,2001,5,8,5.19,6.75765957446808,0.768017379805422,1.32645023151569,76,1.3097102287756,0.20461228252923,0.820655041535485
2001-05-12 11:55:00,2001,5,12,1.98,6.75765957446808,0.293000850099178,5.7246799465414,328,1.04323271822308,0.252049402254133,-0.157497946635674
2001-05-16 11:55:00,2001,5,16,7.62,6.75765957446808,1.12760933219987,2.39110107523223,137,1.70603554926656,-1.01089837154181,0.942677982014732
2001-05-20 11:55:00,2001,5,20,11.33,6.75765957446808,1.67661597556752,5.02654824574367,288,2.76721761231438,0.797329318104467,-2.45392731603729
2001-05-24 11:55:00,2001,5,24,8.73,6.75765957446808,1.29186738452819,5.11381470834339,293,1.95716696471884,0.657369855657502,-1.54866632967195
2001-05-28 11:55:00,2001,5,28,9.36,6.75765957446808,1.38509492774157,4.57276264022514,262,2.12275259043205,-0.260595028088244,-1.85422997266296
2001-06-04 11:55:00,2001,6,4,9.03,6.75765957446808,1.33626145272504,5.00909495322373,287,2.03380945473827,0.517785327981263,-1.69359949584018
2001-06-08 11:55:00,2001,6,8,7.59,6.75765957446808,1.12316992538018,4.18879020478639,240,1.69991606338674,-0.687334456898581,-1.1904982011411
2001-06-12 11:55:00,2001,6,12,9.16,6.75765957446808,1.35549888227701,4.93928178314395,283,2.06825706384507,0.407260031995885,-1.76403700315037
2001-06-16 11:55:00,2001,6,16,4.99,6.75765957446808,0.738421334340858,0.261799387799149,15,1.28524852857296,0.779869980720579,0.208965531535354
2001-06-20 11:55:00,2001,6,20,3.48,6.75765957446808,0.514971191083404,4.93928178314395,283,1.13555404749551,0.121031819302262,-0.524246405328466
2001-06-24 11:55:00,2001,6,24,5.55,6.75765957446808,0.821290261641636,5.37561409614254,308,1.35664750800882,0.564428441694541,-0.722435460918706
2001-06-28 11:55:00,2001,6,28,1.65,6.75765957446808,0.244167375082649,2.60054058547155,149,1.02995724276773,-0.211378085375546,0.127008767227611
2001-07-04 11:55:00,2001,7,4,7.56,6.75765957446808,1.1187305185605,2.2165681500328,127,1.69383008007364,-0.822762872928014,1.09184320994065
2001-07-08 11:55:00,2001,7,8,7.56,6.75765957446808,1.1187305185605,1.85004900711399,106,1.69383008007364,-0.376833701442808,1.31417529333768
2001-07-12 11:55:00,2001,7,12,12.6,6.75765957446808,1.8645508642675,3.97935069454707,228,3.30400137024434,-2.1071160839537,-2.34018949303685
2001-07-16 11:55:00,2001,7,16,4.39,6.75765957446808,0.649633197947168,5.55014702134197,318,1.21853781644935,0.517452126261919,-0.465915987216749
2001-07-20 11:55:00,2001,7,20,0.18,6.75765957446808,0.0266364409181071,4.71238898038469,270,1.00035477096748,-4.89361343853651e-18,-0.0266395907889177
2001-07-24 11:55:00,2001,7,24,2.92,6.75765957446808,0.432102263782627,5.55014702134197,318,1.09481781659212,0.331200941619009,-0.298214667309009
2001-07-28 11:55:00,2001,7,28,5.55,6.75765957446808,0.821290261641636,5.39306738866248,309,1.35664750800882,0.576950713797659,-0.712474795929598
2002-05-04 11:55:00,2002,5,4,8.36,6.75765957446808,1.23711470041875,0.0698131700797732,4,1.86793886929159,1.5738752425405,0.110056078107676
2002-05-08 11:55:00,2002,5,8,4.71,6.75765957446808,0.696986870690469,2.40855436775217,138,1.25288898919808,-0.560929543822844,0.505063229824231
2002-05-12 11:55:00,2002,5,12,5.29,6.75765957446808,0.782815402537704,4.34586983746588,249,1.32236993540503,-0.310078838258129,-0.807782990739209
2002-05-16 11:55:00,2002,5,16,7.32,6.75765957446808,1.08321526400302,4.4331363000656,254,1.64633405016973,-0.360486433791646,-1.25716559601369
2002-05-20 11:55:00,2002,5,20,6.6,6.75765957446808,0.976669500330594,2.35619449019234,135,1.51608009422795,-0.805760154175621,0.805760154175621
2002-05-24 11:55:00,2002,5,24,3.86,6.75765957446808,0.571203677466075,5.32325421858271,305,1.16762094705256,0.345738000483052,-0.493765036244875
2002-05-28 11:55:00,2002,5,28,3.86,6.75765957446808,0.571203677466075,5.86430628670095,336,1.16762094705256,0.550663102349657,-0.245171009107058
2002-06-04 11:55:00,2002,6,4,8.92,6.75765957446808,1.31998362771953,2.18166156499291,125,2.00524988251681,-0.996939058459692,1.42377652918257
2002-06-08 11:55:00,2002,6,8,9.67,6.75765957446808,1.43096879821164,1.48352986419518,85,2.21091333115864,0.171856843245331,1.96433270688159
2002-06-12 11:55:00,2002,6,12,3.86,6.75765957446808,0.571203677466075,3.78736447682769,217,1.16762094705256,-0.481398165718092,-0.362759537488924
2002-06-16 11:55:00,2002,6,16,9.86,6.75765957446808,1.45908504140298,5.06145483078356,290,2.26723520700792,0.695937918538836,-1.9120737165277
2002-06-20 11:55:00,2002,6,20,3.73,6.75765957446808,0.551966247914109,1.65806278939461,95,1.15624043712867,-0.050587279473567,0.578215250237275
2002-06-24 11:55:00,2002,6,24,10.65,6.75765957446808,1.575989420988,4.64257581030492,266,2.52116322846371,-0.161441619926515,-2.30872272651201
2002-06-28 11:55:00,2002,6,28,7.45,6.75765957446808,1.10245269355499,4.25860337486616,244,1.67179950970926,-0.587305050717751,-1.20415380166553
2002-07-04 11:55:00,2002,7,4,2.68,6.75765957446808,0.39658700922515,2.25147473507268,129,1.07967677166321,-0.256174318157742,0.316348937070302
2002-07-08 11:55:00,2002,7,8,6.57,6.75765957446808,0.97223009351091,3.10668606854991,178,1.51103623807545,-1.13210757892531,0.0395340678035109
2002-07-12 11:55:00,2002,7,12,1.15,6.75765957446808,0.17017726142124,6.17846555205993,354,1.01451512969596,0.170063094004931,-0.0178743514423031
2002-07-16 11:55:00,2002,7,16,2,6.75765957446808,0.295960454645635,5.39306738866248,309,1.04411691613685,0.188984960126372,-0.233376989887947
2002-07-20 11:55:00,2002,7,20,6.93,6.75765957446808,1.02550297534712,5.00909495322373,287,1.5735568492419,0.355214314071508,-1.16185366930384
2002-07-24 11:55:00,2002,7,24,13.85,6.75765957446808,2.04952614842102,5.0789081233035,291,3.94650853266436,1.36814584121171,-3.56414176984694
2002-07-28 11:55:00,2002,7,28,6.83,6.75765957446808,1.01070495261484,2.460914245312,141,1.5557497644728,-0.926192804882329,0.750016145053809
2003-05-04 11:59:00,2003,5,4,4.48,6.75765957446808,0.662951418406222,4.27605666738611,245,1.22791964505934,-0.301154183685665,-0.645827231054315
2003-05-08 11:59:00,2003,5,8,7.25,6.75765957446808,1.07285664809043,3.15904594610974,181,1.63287484049573,-1.29064817757284,-0.0225283477390192
2003-05-12 11:59:00,2003,5,12,9.34,6.75765957446808,1.38213532319511,2.25147473507268,129,2.11722016013208,-1.1744240169025,1.45029287903937
2003-05-16 11:59:00,2003,5,16,8,6.75765957446808,1.18384181858254,4.78220215046446,274,1.78650072986359,0.10326750017105,-1.47679405511112
2003-05-20 11:59:00,2003,5,20,8.85,6.75765957446808,1.30962501180693,4.38077642250577,251,1.98735272803051,-0.559140995181132,-1.62386336035953
2003-05-24 11:59:00,2003,5,24,7.58,6.75765957446808,1.12169012310696,2.37364778271229,136,1.69788368571172,-0.987045616232892,0.953178871818635
2003-05-28 11:59:00,2003,5,28,1.51,6.75765957446808,0.223450143257454,5.63741348394168,323,1.0250690313626,0.179943974803313,-0.135597511004632
2003-06-04 11:59:00,2003,6,4,7.12,6.75765957446808,1.05361921853846,2.11184839491314,121,1.60834292870805,-0.648777698511887,1.07974741223992
2003-06-08 11:59:00,2003,6,8,6.73,6.75765957446808,0.99590692988256,2.30383461263252,132,1.53828336630157,-0.782143475651528,0.868658332450589
2003-06-12 11:59:00,2003,6,12,7.48,6.75765957446808,1.10689210037467,5.16617458590322,296,1.67776367147599,0.590564350979709,-1.21083635751348
2003-06-16 11:59:00,2003,6,16,5.59,6.75765957446808,0.827209470734549,5.41052068118242,310,1.36209794098434,0.594469359567904,-0.708460994952229
2003-06-20 11:59:00,2003,6,20,11.37,6.75765957446808,1.68253518466043,5.14872129338327,295,2.78253899277899,1.09738617759829,-2.35335225233107
2003-06-24 11:59:00,2003,6,24,12.97,6.75765957446808,1.91930354837694,4.57276264022514,262,3.48145937894814,-0.464107536921484,-3.30229671614145
2003-06-28 11:59:00,2003,6,28,0.76,6.75765957446808,0.112464972765341,5.65486677646163,324,1.0063308537467,0.091177999832981,-0.0662446944971264
2003-07-04 11:59:00,2003,7,4,5.72,6.75765957446808,0.846446900286515,5.34070751110265,306,1.38014244266013,0.559104953729518,-0.76954194995918
2003-07-08 11:59:00,2003,7,8,5.78,6.75765957446808,0.855325713925884,5.09636141582344,292,1.3886425368392,0.36093264505126,-0.893339644735144
2003-07-12 11:59:00,2003,7,12,12.8,6.75765957446808,1.89414690973206,5.23598775598299,300,3.39866111262586,1.62410724387856,-2.81303626333832
2003-07-16 11:59:00,2003,7,16,7.97,6.75765957446808,1.17940241176285,1.8151424220741,104,1.77994621387838,-0.356226070742378,1.42874473256192
2003-07-20 11:59:00,2003,7,20,6.18,6.75765957446808,0.914517804855011,2.42600766027212,139,1.44814070452616,-0.790506138393045,0.687176502267393
2003-07-24 11:59:00,2003,7,24,9.7,6.75765957446808,1.43540820503133,2.47836753783195,142,2.21968892945764,-1.56157785755912,1.22003833478209
2003-07-28 11:59:00,2003,7,28,6.54,6.75765957446808,0.967790686691225,5.51524043630208,316,1.50602216197708,0.81004904178412,-0.782255266694151
2004-05-04 12:01:00,2004,5,4,7.97,6.75765957446808,1.17940241176285,2.23402144255274,128,1.77994621387838,-0.906551545155039,1.1603330643729
2004-05-08 12:01:00,2004,5,8,5.86,6.75765957446808,0.867164132111709,1.60570291183478,92,1.40014640264058,-0.0342016839154752,0.979408083305774
2004-05-12 12:01:00,2004,5,12,3.44,6.75765957446808,0.509051981990492,3.49065850398866,200,1.13238917318049,-0.499281283219506,-0.181723525618134
2004-05-16 12:01:00,2004,5,16,7.37,6.75765957446808,1.09061427536916,4.86946861306418,279,1.65605584237278,0.20650066086008,-1.30379386028673
2004-05-24 12:01:00,2004,5,24,10.85,6.75765957446808,1.60558546645257,5.32325421858271,305,2.59077340054003,1.37084850039866,-1.95777455338977
2004-05-28 12:01:00,2004,5,28,6.63,6.75765957446808,0.981108907150279,4.72984227290463,271,1.52115382984075,0.0200049724612692,-1.14608410473054
2004-06-04 12:01:00,2004,6,4,3.54,6.75765957446808,0.523850004722773,3.29867228626928,189,1.14037599381014,-0.541391439856964,-0.0857479801982401
2004-06-08 12:01:00,2004,6,8,9.91,6.75765957446808,1.46648405276912,5.35816080362259,307,2.28235281229458,1.23469423230577,-1.63849458726596
2004-06-12 12:01:00,2004,6,12,7.63,6.75765957446808,1.1290891344731,5.0789081233035,291,1.70808284373425,0.496251886451012,-1.2927803627272
2004-06-16 12:01:00,2004,6,16,12.06,6.75765957446808,1.78464154151318,5.34070751110265,306,3.06265064423487,1.70151688316182,-2.34193707536039
2004-06-20 12:01:00,2004,6,20,10.75,6.75765957446808,1.59078744372029,3.49065850398866,200,2.55568848517613,-2.21008505440314,-0.804405174999344
2004-06-24 12:01:00,2004,6,24,11.35,6.75765957446808,1.67957558011398,3.35103216382911,192,2.77486614965207,-2.53185002043703,-0.538161335008271
2004-06-28 12:01:00,2004,6,28,10.48,6.75765957446808,1.55083278234313,5.06145483078356,290,2.46373336851414,0.770113786458286,-2.11587023870484
2004-07-04 12:01:00,2004,7,4,7.23,6.75765957446808,1.06989704354397,5.02654824574367,288,1.62906159623239,0.397401343542825,-1.22307557267308
2004-07-08 12:01:00,2004,7,8,8.14,6.75765957446808,1.20455905040773,1.97222205475359,113,1.81755611878839,-0.593025114078626,1.39707961799503
2004-07-12 12:01:00,2004,7,12,8.71,6.75765957446808,1.28890777998174,4.93928178314395,283,1.95219626161152,0.377158484558461,-1.63365287664655
2004-07-16 12:01:00,2004,7,16,7.33,6.75765957446808,1.08469506627625,5.25344104850293,301,1.64827118128423,0.674837054417674,-1.1231174635972
2004-07-20 12:01:00,2004,7,20,7.53,6.75765957446808,1.11429111174081,2.68780704807127,154,1.68777747938248,-1.22202704607821,0.596022414481219
2004-07-24 12:01:00,2004,7,24,6.8,6.75765957446808,1.00626554579516,5.18362787842316,297,1.5504742483962,0.537929968554891,-1.05574700751188
2004-07-28 12:02:00,2004,7,28,2.37,6.75765957446808,0.350713138755077,5.51524043630208,316,1.06213281503451,0.257485585774199,-0.248650939856768
