"datetime","year","month","day","speed","speed_mean","r","z","theta","theta_deg","x0","x1","x2"
1996-01-04 11:55:00,1996,1,4,1.36,6.89846153846154,0.1971454058876,-1.62381372155441,6.2482787221397,358,1.01949617838671,0.19830406723262,-0.00692493062110633
1996-01-08 11:55:00,1996,1,8,6.3,6.89846153846154,0.913247100802855,-0.0907487879048808,2.51327412287183,144,1.44681089862147,-0.845901366758764,0.614583317448103
1996-01-12 11:55:00,1996,1,12,9.88,6.89846153846154,1.43220338983051,0.359214090457409,2.05948851735331,118,2.21334942910315,-0.927003157293028,1.74343937138061
1996-01-16 11:55:00,1996,1,16,3.05,6.89846153846154,0.442127564674398,-0.816156830683048,3.24631240870945,186,1.09934093437934,-0.454171581799992,-0.0477353567844906
1996-01-20 11:55:00,1996,1,20,10.32,6.89846153846154,1.49598572702944,0.402785338751049,1.91986217719376,110,2.34388103716904,-0.725032553928913,1.99201057028921
1996-01-24 11:55:00,1996,1,24,11.74,6.89846153846154,1.70182872435326,0.531703393097583,1.74532925199433,100,2.83315832140769,-0.460308077503949,2.61053683137133
1996-01-28 11:55:00,1996,1,28,1.5,6.89846153846154,0.217439785905442,-1.5258333131942,0.575958653158129,33,1.02373331900138,0.183800751028228,0.119361603353136
1996-11-04 11:55:00,1996,11,4,8.06,6.89846153846154,1.16837644959857,0.155615135216169,3.385938748869,194,1.76381853107504,-1.40978854033003,-0.35149976119169
1996-11-08 11:55:00,1996,11,8,10.56,6.89846153846154,1.53077609277431,0.425774856975748,4.81710873550435,276,2.41906501393814,0.230244567282516,-2.19063072673064
1996-11-12 11:55:00,1996,11,12,11.13,6.89846153846154,1.61340321141838,0.478345743985086,1.88495559215388,108,2.60953718320341,-0.744832521898733,2.29235879060046
1996-11-16 11:55:00,1996,11,16,4.81,6.89846153846154,0.697256913470116,-0.360601337184698,4.60766922526503,264,1.25309286456449,-0.0789339910986037,-0.751006759138478
1996-11-20 11:55:00,1996,11,20,7.45,6.89846153846154,1.07995093666369,0.0769156110891003,2.51327412287183,144,1.64207363327487,-1.05371344395331,0.76556762936307
1996-11-24 11:55:00,1996,11,24,0.92,6.89846153846154,0.133363068688671,-2.01468003024142,4.27605666738611,245,1.00890604233716,-0.056528888937147,-0.121226593534428
1996-11-28 11:55:00,1996,11,28,9.31,6.89846153846154,1.34957627118644,0.299790669986608,0.0174532925199433,1,2.05757075304373,1.79794674384315,0.0313832771512596
1996-12-04 11:55:00,1996,12,4,8.43,6.89846153846154,1.22201159678858,0.200498350711396,3.17649923862968,182,1.84432256357303,-1.54874165712994,-0.0540832504109019
1996-12-08 11:55:00,1996,12,8,3.53,6.89846153846154,0.511708296164139,-0.670000550357162,3.40339204138894,195,1.13380453350282,-0.516126917037387,-0.138295790612133
1996-12-12 11:55:00,1996,12,12,6.5,6.89846153846154,0.942239072256913,-0.0594962444007764,4.24115008234622,243,1.47773699676529,-0.493933867288119,-0.969399796964449
1996-12-16 11:55:00,1996,12,16,5.49,6.89846153846154,0.795829616413916,-0.228370165780928,4.60766922526503,264,1.33374282337556,-0.0922501394155,-0.877701447351912
1996-12-20 11:55:00,1996,12,20,4.58,6.89846153846154,0.663916146297948,-0.409599423176274,1.25663706143592,72,1.22860767347982,0.220569052100098,0.678841740458821
1996-12-24 11:55:00,1996,12,24,7.45,6.89846153846154,1.07995093666369,0.0769156110891003,4.34586983746588,249,1.64207363327487,-0.466760437597004,-1.21595251181565
1996-12-28 11:55:00,1996,12,28,3.46,6.89846153846154,0.501561106155219,-0.690029832232735,4.62512251778497,265,1.12844082466774,-0.0455699278705233,-0.520866658993142
1997-01-04 11:55:00,1997,1,4,1.06,6.89846153846154,0.153657448706512,-1.87302951317839,0.401425727958696,23,1.01182855160048,0.141999675112704,0.0602752859952887
1997-01-08 11:55:00,1997,1,8,7.55,6.89846153846154,1.09444692239072,0.0902491419585655,4.29350995990605,246,1.66112728748784,-0.539496542109924,-1.21172907297305
1997-01-12 11:55:00,1997,1,12,8.7,6.89846153846154,1.26115075825156,0.23202460435817,2.94960643587042,169,1.90640426370888,-1.59325598050636,0.309697590026345
1997-01-16 11:55:00,1997,1,16,0.08,6.89846153846154,0.0115967885816235,-4.45702706561062,4.83456202802429,277,1.0000672435063,0.00141332468816791,-0.0115106058756486
1997-01-20 11:55:00,1997,1,20,0.22,6.89846153846154,0.0318911685994648,-3.44542615393214,5.88175957922089,337,1.00050856641811,0.0293609517971391,-0.0124629846178297
1997-01-24 11:55:00,1997,1,24,4.58,6.89846153846154,0.663916146297948,-0.409599423176274,1.34390352403563,77,1.22860767347982,0.160564764167438,0.695482402251381
1997-01-28 11:55:00,1997,1,28,9.61,6.89846153846154,1.39306422836753,0.331505801679833,5.27089434102288,302,2.13774229378151,1.00124484914147,-1.6023267041056
1997-11-04 11:55:00,1997,11,4,5.22,6.89846153846154,0.756690454950937,-0.278801019407821,1.67551608191456,96,1.30021397530787,-0.0868628625081895,0.826444931439943
1997-11-08 11:55:00,1997,11,8,4.3,6.89846153846154,0.623327386262266,-0.472683398602851,2.82743338823081,162,1.20064058937371,-0.631961007031279,0.205336578435645
1997-11-12 11:55:00,1997,11,12,7.31,6.89846153846154,1.05965655664585,0.0579448524593193,2.28638132011257,131,1.61597733662696,-0.8328029833022,0.958030241430256
1997-11-16 11:55:00,1997,11,16,6.2,6.89846153846154,0.898751115075825,-0.106749129251322,1.88495559215388,108,1.43180550145464,-0.316658294239213,0.974574019090025
1997-11-20 11:55:00,1997,11,20,11.3,6.89846153846154,1.63804638715433,0.493504304415927,2.05948851735331,118,2.6697337563379,-1.1621178794714,2.18562585177403
1997-11-24 11:55:00,1997,11,24,3.16,6.89846153846154,0.45807314897413,-0.780726393703547,2.51327412287183,144,1.10676292843175,-0.383685791852955,0.278764045172585
1997-11-28 11:55:00,1997,11,28,12.08,6.89846153846154,1.75111507582516,0.560252771204301,2.30383461263252,132,2.96730167680221,-1.86936449202475,2.07613959962
1997-12-04 11:55:00,1997,12,4,4.71,6.89846153846154,0.682760927743086,-0.381610513274041,6.17846555205993,354,1.24227759234627,0.73301972618816,-0.077043477755662
1997-12-08 11:55:00,1997,12,8,7.68,6.89846153846154,1.11329170383586,0.107321125857213,2.82743338823081,162,1.68641949741326,-1.29148107468925,0.419627638478578
1997-12-12 11:55:00,1997,12,12,5.08,6.89846153846154,0.736396074933095,-0.305987159711977,0.436332312998582,25,1.28361600770142,0.729377934233165,0.340114516422198
1997-12-16 11:55:00,1997,12,16,9.07,6.89846153846154,1.31478590544157,0.273673842824677,1.93731546971371,111,1.99624271498837,-0.619156215042581,1.61295708514463
1997-12-20 11:55:00,1997,12,20,6.16,6.89846153846154,0.892952720785013,-0.113221643756939,2.12930168743308,122,1.42588776223589,-0.538632606327759,0.861992358373688
1997-12-24 11:55:00,1997,12,24,7.89,6.89846153846154,1.14373327386262,0.134297713555415,2.72271363311115,156,1.72854527005441,-1.28802417933373,0.573465312010363
1997-12-28 11:55:00,1997,12,28,3.43,6.89846153846154,0.49721231043711,-0.698738160124519,3.43829862642883,197,1.12617769289418,-0.495321734964136,-0.151435051571871
1998-01-04 11:55:00,1998,1,4,15.19,6.89846153846154,2.20194023193577,0.789338895305314,4.04916386462684,232,4.57656475006505,-2.74952959894122,-3.51923740263201
1998-01-08 11:55:00,1998,1,8,7.72,6.89846153846154,1.11909009812667,0.112515942734317,4.57276264022514,262,1.69432178369192,-0.190353308987337,-1.35443417132415
1998-01-12 11:55:00,1998,1,12,4.78,6.89846153846154,0.692908117752007,-0.366857874799003,4.04916386462684,232,1.24982073861173,-0.461562142485835,-0.590772602011854
1998-01-16 11:55:00,1998,1,16,8.19,6.89846153846154,1.18722123104371,0.17161547656261,3.71755130674792,213,1.79151382370179,-1.24663853067439,-0.809576527792537
1998-01-20 11:55:00,1998,1,20,12.31,6.89846153846154,1.78445584299732,0.579113518893994,0.20943951023932,12,3.06211313819534,2.83097898972117,0.601743160215206
1998-01-24 11:55:00,1998,1,24,9.85,6.89846153846154,1.4278545941124,0.35617303388163,0.872664625997165,50,2.20478334206951,1.26305223330344,1.50524703667352
1998-01-28 11:55:00,1998,1,28,4.44,6.89846153846154,0.643621766280107,-0.440644044858234,6.23082542961976,357,1.21437404566676,0.688043663450493,-0.0360588404512089
1998-11-04 11:55:00,1998,11,4,8.39,6.89846153846154,1.21621320249777,0.195742099176747,1.01229096615671,58,1.83536782901809,0.815555056102728,1.30516091661521
1998-11-08 11:55:00,1998,11,8,7.31,6.89846153846154,1.05965655664585,0.0579448524593193,1.98967534727354,114,1.61597733662696,-0.516312518849199,1.15965690416241
1998-11-12 11:55:00,1998,11,12,6.03,6.89846153846154,0.874107939339875,-0.134551410563274,0.0523598775598299,3,1.40698517884206,0.988394707520921,0.0517995716762825
1998-11-16 11:55:00,1998,11,16,6.26,6.89846153846154,0.907448706512043,-0.0971182361903606,0.453785605518526,26,1.44077243428831,0.932247108278857,0.454687295303886
1998-11-20 11:55:00,1998,11,20,3.73,6.89846153846154,0.540700267618198,-0.614890187646644,0.593411945678072,34,1.14977463127847,0.47042436774367,0.317305242573319
1998-11-24 11:55:00,1998,11,24,2.24,6.89846153846154,0.324710080285459,-1.12482255543542,3.49065850398866,200,1.05318315265309,-0.310517943773339,-0.113019288739041
1998-11-28 11:55:00,1998,11,28,4.34,6.89846153846154,0.629125780553078,-0.463424073190054,3.19395253114962,183,1.20451372977965,-0.670535915803996,-0.0351412982768075
1998-12-04 11:55:00,1998,12,4,3.83,6.89846153846154,0.555196253345227,-0.588433618109813,3.96189740202713,227,1.15812124435842,-0.398397277565006,-0.427228774619731
1998-12-08 11:55:00,1998,12,8,5.42,6.89846153846154,0.785682426404996,-0.241202605850813,5.44542726622231,312,1.32485607379323,0.581506303347499,-0.645828177949794
1998-12-12 11:55:00,1998,12,12,1.87,6.89846153846154,0.27107493309545,-1.30535999043587,3.21140582366957,184,1.0369663426487,-0.273738547683043,-0.0191416639455217
1998-12-16 11:55:00,1998,12,16,12.69,6.89846153846154,1.83954058876004,0.609515860423928,4.85201532054424,278,3.22626831516226,0.426896495520795,-3.03752639882059
1998-12-20 11:55:00,1998,12,20,10.62,6.89846153846154,1.53947368421053,0.431440594511425,5.91666616426078,339,2.4383149163562,2.07611571382301,-0.796946155108536
1998-12-24 11:55:00,1998,12,24,4.44,6.89846153846154,0.643621766280107,-0.440644044858234,3.54301838154849,203,1.21437404566676,-0.634216703543652,-0.269209018673753
1998-12-28 11:55:00,1998,12,28,9.92,6.89846153846154,1.43800178412132,0.363254499994414,3.96189740202713,227,2.2248360205707,-1.35542697135568,-1.45351747280535
1999-01-04 11:55:00,1999,1,4,10.73,6.89846153846154,1.55541926851026,0.441745135340239,2.94960643587042,169,2.47408653510736,-2.22140825822456,0.431798023954772
1999-01-08 11:55:00,1999,1,8,4.95,6.89846153846154,0.717551293487957,-0.331910844721769,1.09955742875643,63,1.26867714544533,0.354444690907632,0.695636873995844
1999-01-12 11:55:00,1999,1,12,6.16,6.89846153846154,0.892952720785013,-0.113221643756939,0.366519142918809,21,1.42588776223589,0.948931077394223,0.364260512339051
1999-01-16 11:55:00,1999,1,16,13.06,6.89846153846154,1.89317573595004,0.638255702545917,3.63028484414821,208,3.39550813415329,-2.8650901783256,-1.52339547037639
1999-01-20 11:55:00,1999,1,20,9,6.89846153846154,1.30463871543265,0.265926156033852,3.87463093942741,222,1.97881377619264,-1.26895193274229,-1.14256945226072
1999-01-24 11:55:00,1999,1,24,11.54,6.89846153846154,1.6728367528992,0.514520839777586,4.20624349730633,241,2.7574861553492,-1.24585035392697,-2.24757353440606
1999-01-28 11:55:00,1999,1,28,4.54,6.89846153846154,0.658117752007137,-0.418371409249111,0.541052068118242,31,1.22448954681504,0.605729662362761,0.363959099890644
1999-11-04 11:55:00,1999,11,4,5.86,6.89846153846154,0.849464763603925,-0.163148817713446,3.43829862642883,197,1.38301934202786,-0.913630211667118,-0.279324787214208
1999-11-08 11:55:00,1999,11,8,3.9,6.89846153846154,0.565343443354148,-0.570321868166767,6.07374579694027,348,1.16410856895327,0.582920790965383,-0.123903639053572
1999-11-12 11:55:00,1999,11,12,6.19,6.89846153846154,0.897301516503122,-0.108363334605863,4.85201532054424,278,1.4303215613802,0.142325830760384,-1.01270090690561
1999-11-16 11:55:00,1999,11,16,8.09,6.89846153846154,1.17272524531668,0.159330309768033,3.21140582366957,184,1.77015380063489,-1.45707350892151,-0.101888505246224
1999-11-20 11:55:00,1999,11,20,7.72,6.89846153846154,1.11909009812667,0.112515942734317,0.994837673636768,57,1.69432178369192,0.744927301350635,1.14708745193879
1999-11-24 11:55:00,1999,11,24,3.94,6.89846153846154,0.57114183764496,-0.560117697992525,2.72271363311115,156,1.16758367373692,-0.550597140422939,0.245141640965145
1999-11-28 11:55:00,1999,11,28,11.74,6.89846153846154,1.70182872435326,0.531703393097583,3.52556508902855,202,2.83315832140769,-2.45778690754218,-0.993010368161328
1999-12-04 11:55:00,1999,12,4,7.26,6.89846153846154,1.05240856378234,0.0510814075343368,4.29350995990605,246,1.60681908225749,-0.511562098589086,-1.1489872855667
1999-12-08 11:55:00,1999,12,8,10.81,6.89846153846154,1.56701605709188,0.449173210348749,4.29350995990605,246,2.50049685607243,-0.932171221030086,-2.09369084200877
1999-12-12 11:55:00,1999,12,12,4.73,6.89846153846154,0.685660124888492,-0.377373218798526,4.69493568786475,269,1.24441969094976,-0.0129263362475046,-0.740549307645834
1999-12-16 11:55:00,1999,12,16,4.07,6.89846153846154,0.589986619090098,-0.527655421847864,3.57792496658838,205,1.17914948937025,-0.566274507079292,-0.264058139269021
1999-12-24 11:55:00,1999,12,24,12.77,6.89846153846154,1.85113737734166,0.61580024874208,3.07177948351002,176,3.26205779119485,-3.09743573881969,0.216593806415553
1999-12-28 11:55:00,1999,12,28,4.76,6.89846153846154,0.690008920606601,-0.371050753059039,5.06145483078356,290,1.24765245659879,0.25517468331122,-0.701086680414062
2000-01-04 11:55:00,2000,1,4,7.36,6.89846153846154,1.06690454950937,0.0647615114384172,4.34586983746588,249,1.62522048415277,-0.459122581016347,-1.19605521515968
2000-01-08 11:55:00,2000,1,8,11.73,6.89846153846154,1.70037912578055,0.530851241363016,3.92699081698724,225,2.82931868845185,-1.87150263703032,-1.87150263703032
2000-01-12 11:55:00,2000,1,12,11.53,6.89846153846154,1.67138715432649,0.5136539129786,3.87463093942741,222,2.7537639129264,-1.90674449092898,-1.71684045107508
2000-01-16 11:55:00,2000,1,16,7.19,6.89846153846154,1.04226137377342,0.0413927504305875,4.85201532054424,278,1.59413923144226,0.172781030487851,-1.2294009129356
2000-01-20 11:55:00,2000,1,20,13.24,6.89846153846154,1.9192685102587,0.651944129206494,5.16617458590322,296,3.48134253771065,1.46180482973261,-2.99714405803993
2000-01-24 11:55:00,2000,1,24,4.32,6.89846153846154,0.626226583407672,-0.468043019046349,4.90437519810407,281,1.20257210555697,0.127454077360998,-0.655694385539316
2000-01-28 11:55:00,2000,1,28,8.33,6.89846153846154,1.20751561106155,0.188565034876384,4.48549617762543,257,1.82205133572861,-0.342625717150216,-1.48407502774547
2000-11-04 11:55:00,2000,11,4,6.34,6.89846153846154,0.919045495093666,-0.0844196528532333,3.5081117965086,201,1.45289800686465,-0.983992271879351,-0.377719243927274
2000-11-08 11:55:00,2000,11,8,5.84,6.89846153846154,0.846565566458519,-0.166567624462232,2.65290046303138,152,1.38025532837174,-0.840009802507708,0.446641134681445
2000-11-12 11:55:00,2000,11,12,10.12,6.89846153846154,1.46699375557538,0.383215242556952,2.67035375555132,153,2.28339882401033,-1.82904134088871,0.931943111360215
2000-11-16 11:55:00,2000,11,16,4.44,6.89846153846154,0.643621766280107,-0.440644044858234,3.5081117965086,201,1.21437404566676,-0.643225615123303,-0.246911180059368
2000-11-20 11:55:00,2000,11,20,9.86,6.89846153846154,1.4293041926851,0.357187747312176,2.2165681500328,127,2.20763406343224,-1.18446739557967,1.57184132368222
2000-11-24 11:55:00,2000,11,24,8.79,6.89846153846154,1.27419714540589,0.242316290394718,2.56563400043166,147,1.9277423935179,-1.38220205425713,0.897612509367776
2000-11-28 11:55:00,2000,11,28,6.47,6.89846153846154,0.937890276538805,-0.0641223127895587,2.53072741539178,145,1.47301954031383,-0.885967588334972,0.620361183961625
2000-12-04 11:55:00,2000,12,4,7.6,6.89846153846154,1.10169491525424,0.0968498259899176,3.56047167406843,204,1.67078476078621,-1.22275993751704,-0.544407799428658
2000-12-08 11:55:00,2000,12,8,8.36,6.89846153846154,1.21186440677966,0.192160005794242,2.63544717051144,151,1.82869229020967,-1.33908689957278,0.742267989115019
2000-12-12 11:55:00,2000,12,12,5.74,6.89846153846154,0.83206958073149,-0.183839210970893,3.49065850398866,200,1.36660882178639,-0.875287067222951,-0.318578438907315
2000-12-16 11:55:00,2000,12,16,11.98,6.89846153846154,1.73661909009813,0.551940171384936,5.61996019142174,322,2.92711428333025,2.16781715746807,-1.69368438602445
2000-12-20 11:55:00,2000,12,20,4.31,6.89846153846154,0.624776984834969,-0.470360517186711,1.78023583703422,102,1.20160508497709,-0.138515814799314,0.651665672943796
2000-12-24 11:55:00,2000,12,24,2.22,6.89846153846154,0.321810883140054,-1.13379122541818,0.593411945678072,34,1.05222954854603,0.27142216961349,0.183076565064149
2000-12-28 11:55:00,2000,12,28,4.28,6.89846153846154,0.62042818911686,-0.477345411708662,2.42600766027212,139,1.1987191649948,-0.498866821203951,0.433658311609133
2001-01-04 11:55:00,2001,1,4,10.65,6.89846153846154,1.54382247992864,0.434261470853066,2.32128790515246,133,2.44800894664933,-1.52388833610814,1.63417016921394
2001-01-08 11:55:00,2001,1,8,9.26,6.89846153846154,1.34232827832293,0.29440562735572,4.0317105721069,231,2.04459119452666,-1.12230133015893,-1.38592672138877
2001-01-20 11:55:00,2001,1,20,4.95,6.89846153846154,0.717551293487957,-0.331910844721769,1.43116998663535,82,1.26867714544533,0.108656826036552,0.773133490110847
2001-01-24 11:55:00,2001,1,24,11.07,6.89846153846154,1.60470561998216,0.472940325418178,2.91469985083053,167,2.58867156874793,-2.32652568486285,0.537120776471448
2001-01-28 11:55:00,2001,1,28,6.26,6.89846153846154,0.907448706512043,-0.0971182361903606,0.279252680319093,16,1.44077243428831,0.997039800194055,0.285896562123529
2001-11-04 11:55:00,2001,11,4,9.6,6.89846153846154,1.39161462979483,0.330464677171423,4.53785605518526,260,2.13500562523383,-0.32755814214735,-1.85767453642802
2001-11-08 11:55:00,2001,11,8,7.78,6.89846153846154,1.12778768956289,0.120257916887932,5.74213323906134,329,1.70628210714156,1.1850624309896,-0.712057345870718
2001-11-12 11:55:00,2001,11,12,3.53,6.89846153846154,0.511708296164139,-0.670000550357162,5.02654824574367,288,1.13380453350282,0.165118256783384,-0.508181740589298
2001-11-16 11:55:00,2001,11,16,1.05,6.89846153846154,0.152207850133809,-1.88250825713294,6.00393262686049,344,1.01160599545361,0.146877169900077,-0.0421163507421596
2001-11-20 11:55:00,2001,11,20,3.3,6.89846153846154,0.478367528991971,-0.737375952829933,4.74729556542458,272,1.11661636126032,0.0173388376998108,-0.496519348003144
2001-11-24 11:55:00,2001,11,24,1.8,6.89846153846154,0.26092774308653,-1.34351175640025,1.5707963267949,90,1.03423522132316,1.61591313352342e-17,0.26389864157543
2001-11-28 11:55:00,2001,11,28,5.72,6.89846153846154,0.829170383586084,-0.187329615910661,3.99680398706701,229,1.36391407222351,-0.608496640253739,-0.699995310848029
2001-12-04 11:55:00,2001,12,4,12.31,6.89846153846154,1.78445584299732,0.579113518893994,2.47836753783195,142,3.06211313819534,-2.2806802219434,1.78186267606253
2001-12-08 11:55:00,2001,12,8,3.79,6.89846153846154,0.549397859054416,-0.598932402208033,3.61283155162826,207,1.15475349475425,-0.514517219050435,-0.262159617309296
2001-12-12 11:55:00,2001,12,12,3.01,6.89846153846154,0.436329170383586,-0.829358342541583,0.785398163397448,45,1.09671142849727,0.318414790325867,0.318414790325867
2001-12-16 11:55:00,2001,12,16,5.56,6.89846153846154,0.805976806422837,-0.215700313039877,5.79449311662117,332,1.34276690358635,0.791223007896799,-0.420700735846293
2001-12-20 11:55:00,2001,12,20,8.53,6.89846153846154,1.23650758251561,0.21229094020122,5.81194640914112,333,1.86698135234791,1.40474726882135,-0.715754483572268
2001-12-24 11:55:00,2001,12,24,10.71,6.89846153846154,1.55252007136485,0.43987946315729,4.4331363000656,254,2.46753608207738,-0.621788898069146,-2.16843558414626
2001-12-28 11:55:00,2001,12,28,5.62,6.89846153846154,0.814674397859054,-0.204966757396768,2.18166156499291,125,1.3506118373982,-0.52070895684238,0.743649458807212
2002-01-04 11:55:00,2002,1,4,4.35,6.89846153846154,0.63057537912578,-0.461122576201775,4.59021593274509,263,1.20548833750246,-0.0820427942506414,-0.668184938296268
2002-01-08 11:55:00,2002,1,8,7.51,6.89846153846154,1.08864852809991,0.0849370444736756,4.48549617762543,257,1.65346416388129,-0.296213968269349,-1.28304365718466
2002-01-12 11:55:00,2002,1,12,3.04,6.89846153846154,0.440677966101695,-0.819440905884237,4.4331363000656,254,1.09868009624671,-0.12543709255139,-0.437451128357128
2002-01-16 11:55:00,2002,1,16,5.91,6.89846153846154,0.85671275646744,-0.154652589884361,3.59537825910832,206,1.38998028556173,-0.867718132117968,-0.42321441072343
2002-01-20 11:55:00,2002,1,20,9.93,6.89846153846154,1.43945138269402,0.364262056754713,4.34586983746588,249,2.22771934114958,-0.713389302978376,-1.8584426720585
2002-01-24 11:55:00,2002,1,24,9.67,6.89846153846154,1.40176181980375,0.337729888162835,3.42084533390889,196,2.15425684143136,-1.83417763062527,-0.525941972243818
2002-01-28 11:55:00,2002,1,28,13.95,6.89846153846154,2.02219000892061,0.704181086965007,4.22369678982628,242,3.84360864472871,-1.74232322874354,-3.27683340748564
2002-11-04 11:55:00,2002,11,4,5.91,6.89846153846154,0.85671275646744,-0.154652589884361,1.98967534727354,114,1.38998028556173,-0.392673673848737,0.881959511608334
2002-11-08 11:55:00,2002,11,8,5.36,6.89846153846154,0.776984834968778,-0.252334446219657,4.20624349730633,241,1.31734746984086,-0.41575198189172,-0.750036429681403
2002-11-12 11:55:00,2002,11,12,8.27,6.89846153846154,1.19881801962533,0.181336087733232,3.15904594610974,181,1.80887267802385,-1.50709267750589,-0.0263064005387061
2003-01-04 11:58:00,2003,1,4,5.43,6.89846153846154,0.787132024977698,-0.239359287356524,0.0349065850398866,2,1.3261172362834,0.870438386422191,0.0303963782490182
2003-01-08 11:58:00,2003,1,8,1.25,6.89846153846154,0.181199821587868,-1.70815486998816,4.71238898038469,270,1.01646165479984,-3.34683143828118e-17,-0.182193017644564
2003-01-12 11:58:00,2003,1,12,10.22,6.89846153846154,1.48148974130241,0.393048163473191,4.85201532054424,278,2.31339686512508,0.290328733903358,-2.0657962827541
2003-01-16 11:58:00,2003,1,16,15.32,6.89846153846154,2.22078501338091,0.797860743010077,4.74729556542458,272,4.66154273211242,0.158898066322282,-4.55024527337034
2003-01-20 11:58:00,2003,1,20,6.83,6.89846153846154,0.990075825156111,-0.00997374771966907,3.17649923862968,182,1.53149353029481,-1.15923840590392,-0.0404814971585517
2003-01-24 11:58:00,2003,1,24,5.49,6.89846153846154,0.795829616413916,-0.228370165780928,2.84488668075076,163,1.33374282337556,-0.843973443246778,0.25802857593685
2003-01-28 11:58:00,2003,1,28,14.93,6.89846153846154,2.1642506690455,0.772074190248731,4.6774823953448,268,4.41145509718893,-0.149949845672004,-4.29400176039754
2003-11-04 12:00:00,2003,11,4,11.11,6.89846153846154,1.61050401427297,0.476547182349171,5.06145483078356,290,2.60256012244318,0.821796844228017,-2.25786827289555
2003-11-08 12:00:00,2003,11,8,10.81,6.89846153846154,1.56701605709188,0.449173210348749,1.93731546971371,111,2.50049685607243,-0.821318400475255,2.13960758370989
2003-11-12 12:00:00,2003,11,12,11.56,6.89846153846154,1.6757359500446,0.516252441941864,2.25147473507268,129,2.76494803124667,-1.62224803906166,2.0033094906318
2003-11-16 12:00:00,2003,11,16,7.38,6.89846153846154,1.06980374665477,0.0674752173100134,3.57792496658838,205,1.62894162186549,-1.16539017065062,-0.543430361312943
2003-11-20 12:00:00,2003,11,20,3.14,6.89846153846154,0.455173951828724,-0.787075621382206,3.94444410950718,226,1.10539259964351,-0.327222288610912,-0.338848599204526
2003-11-24 12:00:00,2003,11,24,3.34,6.89846153846154,0.484165923282783,-0.725327614313759,0.314159265358979,18,1.11951591838487,0.478671470164928,0.155529788681347
2003-11-28 12:00:00,2003,11,28,3.7,6.89846153846154,0.536351471900089,-0.622965601652189,5.51524043630208,316,1.14731783987756,0.404585139720959,-0.390703327882282
2003-12-04 12:00:00,2003,12,4,3.73,6.89846153846154,0.540700267618198,-0.614890187646644,5.44542726622231,312,1.14977463127847,0.379687667790721,-0.421685875574684
2003-12-08 12:00:00,2003,12,8,5.98,6.89846153846154,0.86685994647636,-0.142877853339827,4.78220215046446,274,1.39984836394632,0.0683319919190182,-0.977193011090217
2003-12-12 12:00:00,2003,12,12,7.84,6.89846153846154,1.13648528099911,0.127940413059949,5.27089434102288,302,1.71837150839889,0.740523188187026,-1.18508482761126
2003-12-16 12:00:00,2003,12,16,8.66,6.89846153846154,1.25535236396075,0.227416301271976,0.122173047639603,7,1.8970250217118,1.60003363293523,0.196459427049831
2003-12-20 12:00:00,2003,12,20,4.71,6.89846153846154,0.682760927743086,-0.381610513274041,3.42084533390889,196,1.24227759234627,-0.708505049947592,-0.203160553859286
2003-12-24 12:00:00,2003,12,24,11.01,6.89846153846154,1.59600802854594,0.467505529432221,3.70009801422798,212,2.56800178360434,-2.00588620253858,-1.25341681138415
2003-12-28 12:00:00,2003,12,28,5.59,6.89846153846154,0.810325602140946,-0.21031913413536,2.37364778271229,136,1.34667663628164,-0.648818167190807,0.626556420947061
2004-01-04 12:00:00,2004,1,4,5.62,6.89846153846154,0.814674397859054,-0.204966757396768,3.01941960595019,173,1.3506118373982,-0.901061547310074,0.110636446432959
2004-11-04 12:02:00,2004,11,4,5.66,6.89846153846154,0.820472792149866,-0.197874529087276,2.70526034059121,155,1.35589851846592,-0.829883425827583,0.386980996839308
2004-11-08 12:02:00,2004,11,8,4.25,6.89846153846154,0.616079393398751,-0.484379438366042,2.68780704807127,154,1.19585591525408,-0.589427580041585,0.287483039385793
2004-11-12 12:02:00,2004,11,12,11.86,6.89846153846154,1.71922390722569,0.541872972267212,3.89208423194735,223,2.87970060364255,-1.97501732882355,-1.84173345451126
2004-11-16 12:02:00,2004,11,16,10.72,6.89846153846154,1.55396966993756,0.440812734340288,5.14872129338327,295,2.47080871259224,0.954864386505705,-2.0477132850096
2004-11-20 12:02:00,2004,11,20,7.37,6.89846153846154,1.06835414808207,0.0661192848988774,4.46804288510548,256,1.62707934348862,-0.310508160990761,-1.24538021180902
2004-11-24 12:02:00,2004,11,24,2.37,6.89846153846154,0.343554861730598,-1.06840846615533,3.85717764690747,221,1.05959772119927,-0.264414879903367,-0.229852348381268
2004-11-28 12:02:00,2004,11,28,4.62,6.89846153846154,0.66971454058876,-0.40090371620872,3.385938748869,194,1.23276710774131,-0.699498256712721,-0.174404503338469
2004-12-04 12:02:00,2004,12,4,6.43,6.89846153846154,0.932091882247993,-0.0703238830528398,4.34586983746588,249,1.46677291742886,-0.384544472076622,-1.00177259909526
2004-12-08 12:02:00,2004,12,8,9.01,6.89846153846154,1.30608831400535,0.267036650317879,5.00909495322373,287,1.9812911083986,0.500076520624882,-1.63567659692833
2004-12-12 12:02:00,2004,12,12,4.38,6.89846153846154,0.634924174843889,-0.454249696914013,4.4331363000656,254,1.20842736770849,-0.187006631376873,-0.65216962735774
2004-12-16 12:02:00,2004,12,16,8.61,6.89846153846154,1.24810437109723,0.221625897137272,3.63028484414821,208,1.88539062417449,-1.41125240286754,-0.750376213059597
2004-12-20 12:02:00,2004,12,20,2.51,6.89846153846154,0.363849241748439,-1.01101566815868,3.33357887130917,191,1.06692662071006,-0.365097243748222,-0.0709677151051083
2004-12-24 12:02:00,2004,12,24,3.18,6.89846153846154,0.460972346119536,-0.774417224510282,1.85004900711399,106,1.10814255994974,-0.131609241475683,0.458975969665241
2004-12-28 12:03:00,2004,12,28,0.16,6.89846153846154,0.0231935771632471,-3.76387988505068,2.94960643587042,169,1.0002689830686,-0.0227694871407114,0.00442593994931879
