"scenario","d","n","beta","rep","seed_data","seed_bootstrap","status","error_message","warning_message","ks_observed","cvm_observed","ks_pvalue","cvm_pvalue","ks_reject","cvm_reject","effective_bootstrap_method","elapsed_seconds","slurm_job_id"
"S1",2,100,0,335,323599758,333599777,"ok",NA,NA,1.04605385755636,0.0944364982110829,0.596403596403596,0.392607392607393,FALSE,FALSE,"reestimated",835.745,"31839"
"S1",2,100,0,336,323600767,333600786,"ok",NA,NA,1.12383485840143,0.0900866315820147,0.457542457542458,0.486513486513487,FALSE,FALSE,"reestimated",847.893,"31839"
"S1",2,100,0,337,323601776,333601795,"ok",NA,NA,1.04421186768436,0.0947461424441213,0.605394605394605,0.423576423576424,FALSE,FALSE,"reestimated",850.529,"31839"
"S1",2,100,0,338,323602785,333602804,"ok",NA,NA,0.863106125270915,0.0649818097800259,0.903096903096903,0.737262737262737,FALSE,FALSE,"reestimated",821.425,"31839"
"S1",2,100,0,339,323603794,333603813,"ok",NA,NA,1.11099734743107,0.0808058429691109,0.472527472527473,0.571428571428571,FALSE,FALSE,"reestimated",844.382,"31839"
"S1",2,100,0,340,323604803,333604822,"ok",NA,NA,1.05929577429471,0.0776112441362027,0.536463536463537,0.565434565434565,FALSE,FALSE,"reestimated",841.429,"31839"
"S1",2,100,0,341,323605812,333605831,"ok",NA,NA,1.26954231848978,0.11762056171374,0.192807192807193,0.188811188811189,FALSE,FALSE,"reestimated",846.675,"31839"
"S1",2,100,0,342,323606821,333606840,"ok",NA,NA,1.03884356363466,0.0685547424611932,0.636363636363636,0.735264735264735,FALSE,FALSE,"reestimated",828.201,"31839"
"S1",2,100,0,343,323607830,333607849,"ok",NA,NA,1.1442762065411,0.099460280406047,0.391608391608392,0.342657342657343,FALSE,FALSE,"reestimated",843.464,"31839"
"S1",2,100,0,344,323608839,333608858,"ok",NA,NA,1.10716773373175,0.0796365843442682,0.433566433566434,0.53946053946054,FALSE,FALSE,"reestimated",835.016,"31839"
"S1",2,100,0,345,323609848,333609867,"ok",NA,NA,1.43198413630434,0.182706737043412,0.0789210789210789,0.048951048951049,FALSE,TRUE,"reestimated",851.014,"31839"
"S1",2,100,0,346,323610857,333610876,"ok",NA,NA,1.37856842736223,0.0926779019086666,0.0839160839160839,0.397602397602398,FALSE,FALSE,"reestimated",846.397,"31839"
"S1",2,100,0,347,323611866,333611885,"ok",NA,NA,1.23967412448022,0.143116718382866,0.253746253746254,0.134865134865135,FALSE,FALSE,"reestimated",838.305,"31839"
"S1",2,100,0,348,323612875,333612894,"ok",NA,NA,1.02962441957077,0.0792684739305389,0.57042957042957,0.488511488511489,FALSE,FALSE,"reestimated",850.321,"31839"
"S1",2,100,0,349,323613884,333613903,"ok",NA,NA,1.01421390003886,0.0652407082071882,0.656343656343656,0.751248751248751,FALSE,FALSE,"reestimated",823.677,"31839"
"S1",2,100,0,350,323614893,333614912,"ok",NA,NA,1.23409955492466,0.15468535785554,0.277722277722278,0.0969030969030969,FALSE,FALSE,"reestimated",833.077,"31839"
"S1",2,100,0,351,323615902,333615921,"ok",NA,NA,1.12416090375378,0.103198274000734,0.430569430569431,0.338661338661339,FALSE,FALSE,"reestimated",826.999,"31839"
"S1",2,100,0,352,323616911,333616930,"ok",NA,NA,1.4286891094144,0.109595683291238,0.0779220779220779,0.270729270729271,FALSE,FALSE,"reestimated",833.678,"31839"
"S1",2,100,0,353,323617920,333617939,"ok",NA,NA,1.25836176357285,0.0993996508036098,0.196803196803197,0.325674325674326,FALSE,FALSE,"reestimated",839.823,"31839"
"S1",2,100,0,354,323618929,333618948,"ok",NA,NA,1.0659392337213,0.0844787297023548,0.572427572427572,0.527472527472527,FALSE,FALSE,"reestimated",846.939,"31839"
"S1",2,100,0,355,323619938,333619957,"ok",NA,NA,1.11530434597466,0.0914500846749418,0.458541458541459,0.405594405594406,FALSE,FALSE,"reestimated",857.04,"31839"
"S1",2,100,0,356,323620947,333620966,"ok",NA,NA,1.00625974740818,0.0649773462449584,0.635364635364635,0.74025974025974,FALSE,FALSE,"reestimated",840.082,"31839"
"S1",2,100,0,357,323621956,333621975,"ok",NA,NA,1.12514306410267,0.0761080168216649,0.386613386613387,0.562437562437562,FALSE,FALSE,"reestimated",853.841,"31839"
"S1",2,100,0,358,323622965,333622984,"ok",NA,NA,0.990592270817262,0.0753517733583302,0.647352647352647,0.588411588411588,FALSE,FALSE,"reestimated",849.45,"31839"
"S1",2,100,0,359,323623974,333623993,"ok",NA,NA,1.19751153439853,0.100952355342795,0.303696303696304,0.356643356643357,FALSE,FALSE,"reestimated",851.683,"31839"
"S1",2,100,0,360,323624983,333625002,"ok",NA,NA,1.2577819502672,0.132580054546044,0.240759240759241,0.167832167832168,FALSE,FALSE,"reestimated",849.836,"31839"
"S1",2,100,0,361,323625992,333626011,"ok",NA,NA,1.16983661137828,0.132220774673343,0.395604395604396,0.174825174825175,FALSE,FALSE,"reestimated",856.149,"31839"
"S1",2,100,0,362,323627001,333627020,"ok",NA,NA,1.21146044619654,0.120095497686822,0.30969030969031,0.248751248751249,FALSE,FALSE,"reestimated",851.316,"31839"
"S1",2,100,0,363,323628010,333628029,"ok",NA,NA,1.09986631439048,0.0996042494200462,0.524475524475524,0.453546453546454,FALSE,FALSE,"reestimated",845.704,"31839"
"S1",2,100,0,364,323629019,333629038,"ok",NA,NA,1.34296749947151,0.0787026993386115,0.162837162837163,0.638361638361638,FALSE,FALSE,"reestimated",845.359,"31839"
"S1",2,100,0,365,323630028,333630047,"ok",NA,NA,1.11239000938468,0.0666620063793002,0.411588411588412,0.693306693306693,FALSE,FALSE,"reestimated",822.313,"31839"
"S1",2,100,0,366,323631037,333631056,"ok",NA,NA,1.03433475800316,0.0789748306276235,0.598401598401598,0.536463536463537,FALSE,FALSE,"reestimated",852.507,"31839"
"S1",2,100,0,367,323632046,333632065,"ok",NA,NA,0.985894238872233,0.0629831040665233,0.66033966033966,0.707292707292707,FALSE,FALSE,"reestimated",845.241,"31839"
"S1",2,100,0,368,323633055,333633074,"ok",NA,NA,1.22389592279803,0.130346126177722,0.267732267732268,0.162837162837163,FALSE,FALSE,"reestimated",846.718,"31839"
"S1",2,100,0,369,323634064,333634083,"ok",NA,NA,1.18927526908765,0.138734016697901,0.337662337662338,0.148851148851149,FALSE,FALSE,"reestimated",845.91,"31839"
"S1",2,100,0,370,323635073,333635092,"ok",NA,NA,1.54358337932642,0.126657962063866,0.023976023976024,0.145854145854146,TRUE,FALSE,"reestimated",847.747,"31839"
"S1",2,100,0,371,323636082,333636101,"ok",NA,NA,1.01366371966739,0.0727362369680853,0.594405594405594,0.621378621378621,FALSE,FALSE,"reestimated",847.952,"31839"
"S1",2,100,0,372,323637091,333637110,"ok",NA,NA,0.950196863362374,0.065791016375181,0.77022977022977,0.754245754245754,FALSE,FALSE,"reestimated",847.846,"31839"
"S1",2,100,0,373,323638100,333638119,"ok",NA,NA,0.9616171179731,0.0719760508408877,0.718281718281718,0.613386613386613,FALSE,FALSE,"reestimated",838.616,"31839"
"S1",2,100,0,374,323639109,333639128,"ok",NA,NA,0.892808437654279,0.0683438290858211,0.867132867132867,0.727272727272727,FALSE,FALSE,"reestimated",849.144,"31839"
"S1",2,100,0,375,323640118,333640137,"ok",NA,NA,1.04842631412885,0.0923249906706722,0.592407592407592,0.483516483516484,FALSE,FALSE,"reestimated",846.031,"31839"
"S1",2,100,0,376,323641127,333641146,"ok",NA,NA,0.963530523672714,0.0536101119464423,0.743256743256743,0.882117882117882,FALSE,FALSE,"reestimated",849.173,"31839"
"S1",2,100,0,377,323642136,333642155,"ok",NA,NA,1.30002755071317,0.115708398575583,0.165834165834166,0.218781218781219,FALSE,FALSE,"reestimated",847.978,"31839"
"S1",2,100,0,378,323643145,333643164,"ok",NA,NA,1.04182372942954,0.0883195730973121,0.621378621378621,0.493506493506494,FALSE,FALSE,"reestimated",846.676,"31839"
"S1",2,100,0,379,323644154,333644173,"ok",NA,NA,1.54219919517582,0.184210795273794,0.020979020979021,0.021978021978022,TRUE,TRUE,"reestimated",827.159,"31839"
"S1",2,100,0,380,323645163,333645182,"ok",NA,NA,1.008844330822,0.0915303204552069,0.674325674325674,0.437562437562438,FALSE,FALSE,"reestimated",846.205,"31839"
"S1",2,100,0,381,323646172,333646191,"ok",NA,NA,1.06313824571352,0.0718974053580622,0.493506493506494,0.582417582417582,FALSE,FALSE,"reestimated",829.475,"31839"
"S1",2,100,0,382,323647181,333647200,"ok",NA,NA,1.44717618303933,0.130008746660822,0.0669330669330669,0.181818181818182,FALSE,FALSE,"reestimated",845.488,"31839"
"S1",2,100,0,383,323648190,333648209,"ok",NA,NA,1.03934704565342,0.0753268593355077,0.607392607392607,0.64035964035964,FALSE,FALSE,"reestimated",843.6,"31839"
"S1",2,100,0,384,323649199,333649218,"ok",NA,NA,0.922031928001349,0.0507815188041322,0.845154845154845,0.932067932067932,FALSE,FALSE,"reestimated",846.177,"31839"
"S1",2,100,0,385,323650208,333650227,"ok",NA,NA,1.34088045264591,0.227133436593559,0.16983016983017,0.032967032967033,FALSE,TRUE,"reestimated",853.719,"31839"
"S1",2,100,0,386,323651217,333651236,"ok",NA,NA,1.31786501169545,0.109038508618682,0.162837162837163,0.301698301698302,FALSE,FALSE,"reestimated",853.894,"31839"
"S1",2,100,0,387,323652226,333652245,"ok",NA,NA,1.27850581194506,0.137675834232096,0.143856143856144,0.0699300699300699,FALSE,FALSE,"reestimated",830.104,"31839"
"S1",2,100,0,388,323653235,333653254,"ok",NA,NA,1.18763954622561,0.0926465148495635,0.356643356643357,0.460539460539461,FALSE,FALSE,"reestimated",849.948,"31839"
"S1",2,100,0,389,323654244,333654263,"ok",NA,NA,1.19677629773576,0.110307419943837,0.298701298701299,0.246753246753247,FALSE,FALSE,"reestimated",842.933,"31839"
"S1",2,100,0,390,323655253,333655272,"ok",NA,NA,1.09165136319241,0.0885547058935669,0.461538461538462,0.428571428571429,FALSE,FALSE,"reestimated",840.68,"31839"
"S1",2,100,0,391,323656262,333656281,"ok",NA,NA,1.28697799858708,0.114116841293099,0.197802197802198,0.262737262737263,FALSE,FALSE,"reestimated",852.676,"31839"
"S1",2,100,0,392,323657271,333657290,"ok",NA,NA,0.842863651640191,0.042914763435494,0.916083916083916,0.972027972027972,FALSE,FALSE,"reestimated",847.232,"31839"
"S1",2,100,0,393,323658280,333658299,"ok",NA,NA,0.879146398749567,0.0603727719398258,0.883116883116883,0.828171828171828,FALSE,FALSE,"reestimated",849.485,"31839"
"S1",2,100,0,394,323659289,333659308,"ok",NA,NA,1.49181463123727,0.178694570152858,0.0749250749250749,0.0879120879120879,FALSE,FALSE,"reestimated",848.512,"31839"
"S1",2,100,0,395,323660298,333660317,"ok",NA,NA,1.36574263864439,0.134171271128337,0.170829170829171,0.242757242757243,FALSE,FALSE,"reestimated",842.315,"31839"
"S1",2,100,0,396,323661307,333661326,"ok",NA,NA,1.25950498692685,0.126794993326923,0.217782217782218,0.180819180819181,FALSE,FALSE,"reestimated",842.193,"31839"
"S1",2,100,0,397,323662316,333662335,"ok",NA,NA,1.12859374747478,0.0752143811929368,0.40959040959041,0.599400599400599,FALSE,FALSE,"reestimated",849.007,"31839"
"S1",2,100,0,398,323663325,333663344,"ok",NA,NA,0.739521952647085,0.0395466737871681,0.983016983016983,0.977022977022977,FALSE,FALSE,"reestimated",843.524,"31839"
"S1",2,100,0,399,323664334,333664353,"ok",NA,NA,1.17521546842126,0.100629194315993,0.300699300699301,0.284715284715285,FALSE,FALSE,"reestimated",843.001,"31839"
"S1",2,100,0,400,323665343,333665362,"ok",NA,NA,0.929973501551399,0.0697613354876697,0.851148851148851,0.776223776223776,FALSE,FALSE,"reestimated",837.303,"31839"
"S1",2,100,0,401,323666352,333666371,"ok",NA,NA,0.829437969939122,0.048848260721902,0.937062937062937,0.938061938061938,FALSE,FALSE,"reestimated",836.143,"31839"
"S1",2,100,0,402,323667361,333667380,"ok",NA,NA,1.00738351526408,0.062297301334421,0.648351648351648,0.78021978021978,FALSE,FALSE,"reestimated",842.455,"31839"
"S1",2,100,0,403,323668370,333668389,"ok",NA,NA,1.03743522823507,0.0583213704592225,0.6003996003996,0.846153846153846,FALSE,FALSE,"reestimated",837.34,"31839"
"S1",2,100,0,404,323669379,333669398,"ok",NA,NA,1.11578894338327,0.120962540652832,0.500499500499501,0.264735264735265,FALSE,FALSE,"reestimated",839.557,"31839"
"S1",2,100,0,405,323670388,333670407,"ok",NA,NA,0.964205900885414,0.0640251163041671,0.747252747252747,0.762237762237762,FALSE,FALSE,"reestimated",850.371000000001,"31839"
"S1",2,100,0,406,323671397,333671416,"ok",NA,NA,1.40164343542525,0.15284180790055,0.106893106893107,0.120879120879121,FALSE,FALSE,"reestimated",845.048,"31839"
"S1",2,100,0,407,323672406,333672425,"ok",NA,NA,1.23784227209813,0.0987898677009384,0.211788211788212,0.315684315684316,FALSE,FALSE,"reestimated",845.467,"31839"
"S1",2,100,0,408,323673415,333673434,"ok",NA,NA,1.23760799677354,0.183331952338541,0.280719280719281,0.044955044955045,FALSE,TRUE,"reestimated",838.358999999999,"31839"
"S1",2,100,0,409,323674424,333674443,"ok",NA,NA,1.18901355284222,0.0855640008720673,0.307692307692308,0.517482517482518,FALSE,FALSE,"reestimated",848.153,"31839"
"S1",2,100,0,410,323675433,333675452,"ok",NA,NA,1.27815161193731,0.111289355351098,0.178821178821179,0.208791208791209,FALSE,FALSE,"reestimated",839.123000000001,"31839"
"S1",2,100,0,411,323676442,333676461,"ok",NA,NA,1.09984776222876,0.116289221245435,0.385614385614386,0.141858141858142,FALSE,FALSE,"reestimated",845.628,"31839"
"S1",2,100,0,412,323677451,333677470,"ok",NA,NA,1.02427046235531,0.0672272734996036,0.656343656343656,0.762237762237762,FALSE,FALSE,"reestimated",847.738,"31839"
"S1",2,100,0,413,323678460,333678479,"ok",NA,NA,1.14473825468054,0.0983260241631213,0.342657342657343,0.302697302697303,FALSE,FALSE,"reestimated",839.808,"31839"
"S1",2,100,0,414,323679469,333679488,"ok",NA,NA,1.37618706998417,0.157774090055113,0.0889110889110889,0.0529470529470529,FALSE,FALSE,"reestimated",834.318,"31839"
"S1",2,100,0,415,323680478,333680497,"ok",NA,NA,1.42288571631007,0.145379866122254,0.0619380619380619,0.0839160839160839,FALSE,FALSE,"reestimated",845.522,"31839"
"S1",2,100,0,416,323681487,333681506,"ok",NA,NA,0.970599874551614,0.080802419157556,0.771228771228771,0.6003996003996,FALSE,FALSE,"reestimated",832.347,"31839"
"S1",2,100,0,417,323682496,333682515,"ok",NA,NA,1.06611394095515,0.0963377747857873,0.537462537462537,0.415584415584416,FALSE,FALSE,"reestimated",847.678,"31839"
"S1",2,100,0,418,323683505,333683524,"ok",NA,NA,1.2188425990707,0.10683085595948,0.27972027972028,0.297702297702298,FALSE,FALSE,"reestimated",846.83,"31839"
"S1",2,100,0,419,323684514,333684533,"ok",NA,NA,1.16536148392298,0.0906867357624078,0.34965034965035,0.420579420579421,FALSE,FALSE,"reestimated",846.675,"31839"
"S1",2,100,0,420,323685523,333685542,"ok",NA,NA,1.0776369858716,0.0992099403661414,0.512487512487512,0.363636363636364,FALSE,FALSE,"reestimated",839.748,"31839"
"S1",2,100,0,421,323686532,333686551,"ok",NA,NA,1.06406043316012,0.0794790462771331,0.508491508491508,0.537462537462537,FALSE,FALSE,"reestimated",848.294,"31839"
"S1",2,100,0,422,323687541,333687560,"ok",NA,NA,1.10505949654303,0.0821821115497513,0.445554445554446,0.516483516483517,FALSE,FALSE,"reestimated",854.527,"31839"
"S1",2,100,0,423,323688550,333688569,"ok",NA,NA,1.15456713620599,0.102661715322825,0.402597402597403,0.374625374625375,FALSE,FALSE,"reestimated",848.168,"31839"
"S1",2,100,0,424,323689559,333689578,"ok",NA,NA,1.21742423869934,0.10296575900842,0.22977022977023,0.236763236763237,FALSE,FALSE,"reestimated",834.193,"31839"
"S1",2,100,0,425,323690568,333690587,"ok",NA,NA,0.988314716883764,0.0879681182364271,0.713286713286713,0.475524475524476,FALSE,FALSE,"reestimated",844.499,"31839"
"S1",2,100,0,426,323691577,333691596,"ok",NA,NA,1.42144369476356,0.222965411221122,0.115884115884116,0.033966033966034,FALSE,TRUE,"reestimated",844.808999999999,"31839"
"S1",2,100,0,427,323692586,333692605,"ok",NA,NA,1.08203436096332,0.0741485473873213,0.495504495504495,0.622377622377622,FALSE,FALSE,"reestimated",853.8,"31839"
"S1",2,100,0,428,323693595,333693614,"ok",NA,NA,0.955082657497471,0.0582072221081648,0.762237762237762,0.85014985014985,FALSE,FALSE,"reestimated",845.51,"31839"
"S1",2,100,0,429,323694604,333694623,"ok",NA,NA,1.05714482134122,0.10047669412683,0.501498501498502,0.294705294705295,FALSE,FALSE,"reestimated",847.128,"31839"
"S1",2,100,0,430,323695613,333695632,"ok",NA,NA,0.975710665251902,0.0627776989149901,0.712287712287712,0.795204795204795,FALSE,FALSE,"reestimated",845.977,"31839"
"S1",2,100,0,431,323696622,333696641,"ok",NA,NA,1.10158541183048,0.0868366475263369,0.458541458541459,0.456543456543457,FALSE,FALSE,"reestimated",831.762000000001,"31839"
"S1",2,100,0,432,323697631,333697650,"ok",NA,NA,1.333060301902,0.104291805893021,0.150849150849151,0.371628371628372,FALSE,FALSE,"reestimated",834.783,"31839"
"S1",2,100,0,433,323698640,333698659,"ok",NA,NA,1.23233881273592,0.161706864062936,0.287712287712288,0.0909090909090909,FALSE,FALSE,"reestimated",850.569,"31839"
"S1",2,100,0,434,323699649,333699668,"ok",NA,NA,1.18700471781707,0.0964668492390786,0.286713286713287,0.325674325674326,FALSE,FALSE,"reestimated",851.726000000001,"31839"
"S1",2,100,0,435,323700658,333700677,"ok",NA,NA,1.08937626892597,0.0640815744388222,0.49050949050949,0.725274725274725,FALSE,FALSE,"reestimated",849.061,"31839"
"S1",2,100,0,436,323701667,333701686,"ok",NA,NA,1.14935797132718,0.105198313786488,0.433566433566434,0.33966033966034,FALSE,FALSE,"reestimated",841.513,"31839"
"S1",2,100,0,437,323702676,333702695,"ok",NA,NA,1.11890338965127,0.0936828240168231,0.416583416583417,0.387612387612388,FALSE,FALSE,"reestimated",853.513,"31839"
"S1",2,100,0,438,323703685,333703704,"ok",NA,NA,1.05966401451117,0.0711998802451184,0.59040959040959,0.736263736263736,FALSE,FALSE,"reestimated",848.427000000001,"31839"
"S1",2,100,0,439,323704694,333704713,"ok",NA,NA,0.941821695560816,0.0578431233458362,0.76023976023976,0.851148851148851,FALSE,FALSE,"reestimated",853.125999999999,"31839"
"S1",2,100,0,440,323705703,333705722,"ok",NA,NA,1.17500965107268,0.0962829560149039,0.307692307692308,0.347652347652348,FALSE,FALSE,"reestimated",847.293000000001,"31839"
"S1",2,100,0,441,323706712,333706731,"ok",NA,NA,1.28133481812673,0.125075091356911,0.216783216783217,0.208791208791209,FALSE,FALSE,"reestimated",833.399,"31839"
"S1",2,100,0,442,323707721,333707740,"ok",NA,NA,1.07867261583628,0.0904942492965311,0.484515484515485,0.382617382617383,FALSE,FALSE,"reestimated",844.986,"31839"
"S1",2,100,0,443,323708730,333708749,"ok",NA,NA,1.13134785687054,0.130552759269226,0.423576423576424,0.153846153846154,FALSE,FALSE,"reestimated",859.956,"31839"
"S1",2,100,0,444,323709739,333709758,"ok",NA,NA,0.948701126277913,0.0583128475468635,0.756243756243756,0.84015984015984,FALSE,FALSE,"reestimated",849.608,"31839"
"S1",2,100,0,445,323710748,333710767,"ok",NA,NA,1.05670058388973,0.0887006906981753,0.57042957042957,0.472527472527473,FALSE,FALSE,"reestimated",842.203,"31839"
"S1",2,100,0,446,323711757,333711776,"ok",NA,NA,0.840164550924757,0.0513614030036213,0.912087912087912,0.894105894105894,FALSE,FALSE,"reestimated",831.16,"31839"
"S1",2,100,0,447,323712766,333712785,"ok",NA,NA,0.913296188858716,0.0713236627536423,0.836163836163836,0.663336663336663,FALSE,FALSE,"reestimated",828.885,"31839"
"S1",2,100,0,448,323713775,333713794,"ok",NA,NA,1.24617313351813,0.121459420147523,0.1998001998002,0.163836163836164,FALSE,FALSE,"reestimated",842.479,"31839"
"S1",2,100,0,449,323714784,333714803,"ok",NA,NA,1.30875279807656,0.110576190567103,0.174825174825175,0.302697302697303,FALSE,FALSE,"reestimated",855.415999999999,"31839"
"S1",2,100,0,450,323715793,333715812,"ok",NA,NA,1.07105474509265,0.0729625183500813,0.55044955044955,0.655344655344655,FALSE,FALSE,"reestimated",845.214,"31839"
"S1",2,100,0,451,323716802,333716821,"ok",NA,NA,1.1678825285466,0.102686328978114,0.35964035964036,0.330669330669331,FALSE,FALSE,"reestimated",845.549,"31839"
"S1",2,100,0,452,323717811,333717830,"ok",NA,NA,1.13706067633043,0.106434628300933,0.412587412587413,0.291708291708292,FALSE,FALSE,"reestimated",838.052,"31839"
"S1",2,100,0,453,323718820,333718839,"ok",NA,NA,0.786129315906449,0.0564876725348111,0.973026973026973,0.858141858141858,FALSE,FALSE,"reestimated",839.223,"31839"
"S1",2,100,0,454,323719829,333719848,"ok",NA,NA,1.01676230944081,0.095652008834518,0.601398601398601,0.327672327672328,FALSE,FALSE,"reestimated",852.876,"31839"
"S1",2,100,0,455,323720838,333720857,"ok",NA,NA,1.29496460991278,0.115239600503212,0.217782217782218,0.286713286713287,FALSE,FALSE,"reestimated",848.273999999999,"31839"
"S1",2,100,0,456,323721847,333721866,"ok",NA,NA,0.91486895268599,0.0678710808068714,0.814185814185814,0.726273726273726,FALSE,FALSE,"reestimated",843.482,"31839"
"S1",2,100,0,457,323722856,333722875,"ok",NA,NA,1.22627115588573,0.122271632962091,0.281718281718282,0.220779220779221,FALSE,FALSE,"reestimated",843.994,"31839"
"S1",2,100,0,458,323723865,333723884,"ok",NA,NA,1.05796164774123,0.0834654306025985,0.553446553446553,0.537462537462537,FALSE,FALSE,"reestimated",839.166999999999,"31839"
"S1",2,100,0,459,323724874,333724893,"ok",NA,NA,0.919860736615966,0.0630101468228465,0.834165834165834,0.787212787212787,FALSE,FALSE,"reestimated",839.724,"31839"
"S1",2,100,0,460,323725883,333725902,"ok",NA,NA,1.29133278274152,0.146703004758877,0.158841158841159,0.0989010989010989,FALSE,FALSE,"reestimated",849.754,"31839"
"S1",2,100,0,461,323726892,333726911,"ok",NA,NA,1.2509308074434,0.147476608067088,0.215784215784216,0.0839160839160839,FALSE,FALSE,"reestimated",841.112,"31839"
"S1",2,100,0,462,323727901,333727920,"ok",NA,NA,1.15850632727931,0.0924760848234494,0.425574425574426,0.516483516483517,FALSE,FALSE,"reestimated",845.064,"31839"
"S1",2,100,0,463,323728910,333728929,"ok",NA,NA,1.08646302841566,0.135901505481541,0.497502497502497,0.140859140859141,FALSE,FALSE,"reestimated",855.387,"31839"
"S1",2,100,0,464,323729919,333729938,"ok",NA,NA,1.26949989122775,0.0973724892581419,0.160839160839161,0.303696303696304,FALSE,FALSE,"reestimated",847.415,"31839"
"S1",2,100,0,465,323730928,333730947,"ok",NA,NA,1.00196109377564,0.0784607526632803,0.667332667332667,0.583416583416583,FALSE,FALSE,"reestimated",828.184,"31839"
"S1",2,100,0,466,323731937,333731956,"ok",NA,NA,1.02789456493247,0.0707404482811134,0.604395604395604,0.663336663336663,FALSE,FALSE,"reestimated",849.198,"31839"
"S1",2,100,0,467,323732946,333732965,"ok",NA,NA,1.45267312252944,0.13088064839395,0.0629370629370629,0.152847152847153,FALSE,FALSE,"reestimated",852.419,"31839"
"S1",2,100,0,468,323733955,333733974,"ok",NA,NA,1.17624377993398,0.0992148701431928,0.335664335664336,0.346653346653347,FALSE,FALSE,"reestimated",847.165999999999,"31839"
"S1",2,100,0,469,323734964,333734983,"ok",NA,NA,0.984899834602112,0.0669702714508872,0.685314685314685,0.701298701298701,FALSE,FALSE,"reestimated",833.184,"31839"
"S1",2,100,0,470,323735973,333735992,"ok",NA,NA,1.10835699461675,0.084773926393526,0.452547452547453,0.524475524475524,FALSE,FALSE,"reestimated",853.873,"31839"
"S1",2,100,0,471,323736982,333737001,"ok",NA,NA,1.2993413223583,0.0995418579224279,0.203796203796204,0.434565434565435,FALSE,FALSE,"reestimated",849.468000000001,"31839"
"S1",2,100,0,472,323737991,333738010,"ok",NA,NA,1.20070256848595,0.115773891892957,0.248751248751249,0.171828171828172,FALSE,FALSE,"reestimated",851.087,"31839"
"S1",2,100,0,473,323739000,333739019,"ok",NA,NA,1.1266788206249,0.101757857991632,0.460539460539461,0.340659340659341,FALSE,FALSE,"reestimated",854.146,"31839"
"S1",2,100,0,474,323740009,333740028,"ok",NA,NA,1.05696814004314,0.0825684780516789,0.551448551448551,0.501498501498502,FALSE,FALSE,"reestimated",844.598999999999,"31839"
"S1",2,100,0,475,323741018,333741037,"ok",NA,NA,0.990987308581484,0.0628213222064157,0.696303696303696,0.793206793206793,FALSE,FALSE,"reestimated",851.456,"31839"
"S1",2,100,0,476,323742027,333742046,"ok",NA,NA,1.16789758725144,0.0914595259934911,0.322677322677323,0.390609390609391,FALSE,FALSE,"reestimated",836.293,"31839"
"S1",2,100,0,477,323743036,333743055,"ok",NA,NA,1.13010998105448,0.091730001740092,0.416583416583417,0.408591408591409,FALSE,FALSE,"reestimated",856.752,"31839"
"S1",2,100,0,478,323744045,333744064,"ok",NA,NA,1.11686612262231,0.102558908997633,0.54045954045954,0.453546453546454,FALSE,FALSE,"reestimated",826.149,"31839"
"S1",2,100,0,479,323745054,333745073,"ok",NA,NA,1.01508920398347,0.068677699548896,0.612387612387612,0.693306693306693,FALSE,FALSE,"reestimated",851.750000000001,"31839"
"S1",2,100,0,480,323746063,333746082,"ok",NA,NA,1.0440935543067,0.108471059177907,0.603396603396603,0.313686313686314,FALSE,FALSE,"reestimated",848.418999999999,"31839"
"S1",2,100,0,481,323747072,333747091,"ok",NA,NA,1.62685592146616,0.190090333129716,0.013986013986014,0.040959040959041,TRUE,TRUE,"reestimated",846.857999999999,"31839"
"S1",2,100,0,482,323748081,333748100,"ok",NA,NA,1.29284118332345,0.124422437642829,0.172827172827173,0.175824175824176,FALSE,FALSE,"reestimated",831.898999999999,"31839"
"S1",2,100,0,483,323749090,333749109,"ok",NA,NA,1.14544542485129,0.0958054505001996,0.384615384615385,0.371628371628372,FALSE,FALSE,"reestimated",855.831,"31839"
"S1",2,100,0,484,323750099,333750118,"ok",NA,NA,1.48102905484637,0.161468117923167,0.051948051948052,0.0559440559440559,FALSE,FALSE,"reestimated",857.862999999999,"31839"
"S1",2,100,0,485,323751108,333751127,"ok",NA,NA,1.05297202793023,0.0819798599130973,0.647352647352647,0.668331668331668,FALSE,FALSE,"reestimated",831.652999999999,"31839"
"S1",2,100,0,486,323752117,333752136,"ok",NA,NA,0.862445103194833,0.0527404035029762,0.871128871128871,0.861138861138861,FALSE,FALSE,"reestimated",852.996,"31839"
"S1",2,100,0,487,323753126,333753145,"ok",NA,NA,1.25800373535077,0.157992920068491,0.240759240759241,0.0849150849150849,FALSE,FALSE,"reestimated",838.148,"31839"
"S1",2,100,0,488,323754135,333754154,"ok",NA,NA,0.963830899731609,0.0522400006528595,0.701298701298701,0.884115884115884,FALSE,FALSE,"reestimated",842.008,"31839"
"S1",2,100,0,489,323755144,333755163,"ok",NA,NA,1.22150369475293,0.136357231545565,0.260739260739261,0.160839160839161,FALSE,FALSE,"reestimated",844.719999999999,"31839"
"S1",2,100,0,490,323756153,333756172,"ok",NA,NA,0.986974141840501,0.0612036148688353,0.662337662337662,0.754245754245754,FALSE,FALSE,"reestimated",835.642,"31839"
"S1",2,100,0,491,323757162,333757181,"ok",NA,NA,1.2013702851986,0.115927872192781,0.324675324675325,0.251748251748252,FALSE,FALSE,"reestimated",850.035000000001,"31839"
"S1",2,100,0,492,323758171,333758190,"ok",NA,NA,1.26453619805324,0.105555744689793,0.225774225774226,0.305694305694306,FALSE,FALSE,"reestimated",853.556,"31839"
"S1",2,100,0,493,323759180,333759199,"ok",NA,NA,1.08737034219897,0.0805069291232949,0.454545454545455,0.468531468531469,FALSE,FALSE,"reestimated",836.997,"31839"
"S1",2,100,0,494,323760189,333760208,"ok",NA,NA,1.00654366427043,0.105441146914848,0.68031968031968,0.298701298701299,FALSE,FALSE,"reestimated",851.328,"31839"
"S1",2,100,0,495,323761198,333761217,"ok",NA,NA,1.02674360730604,0.103591936094022,0.605394605394605,0.277722277722278,FALSE,FALSE,"reestimated",841.427,"31839"
"S1",2,100,0,496,323762207,333762226,"ok",NA,NA,1.37336626256977,0.139392656260708,0.110889110889111,0.152847152847153,FALSE,FALSE,"reestimated",854.687,"31839"
"S1",2,100,0,497,323763216,333763235,"ok",NA,NA,1.26476205085326,0.13984626856408,0.244755244755245,0.164835164835165,FALSE,FALSE,"reestimated",835.588,"31839"
"S1",2,100,0,498,323764225,333764244,"ok",NA,NA,1.06392613506882,0.0827340755912431,0.542457542457542,0.528471528471528,FALSE,FALSE,"reestimated",851.895999999999,"31839"
"S1",2,100,0,499,323765234,333765253,"ok",NA,NA,1.17312290534599,0.13769725971509,0.361638361638362,0.162837162837163,FALSE,FALSE,"reestimated",849.657000000001,"31839"
"S1",2,100,0,500,323766243,333766262,"ok",NA,NA,1.07501672346008,0.0776667633451946,0.473526473526474,0.485514485514486,FALSE,FALSE,"reestimated",850.864000000001,"31839"
"S1",2,100,0,501,323767252,333767271,"ok",NA,NA,1.27351287123988,0.0706370105111906,0.162837162837163,0.614385614385614,FALSE,FALSE,"reestimated",857.204,"31839"
"S1",2,100,0,502,323768261,333768280,"ok",NA,NA,1.24094040963279,0.191715024686058,0.272727272727273,0.038961038961039,FALSE,TRUE,"reestimated",843.894,"31839"
"S1",2,100,0,503,323769270,333769289,"ok",NA,NA,1.16137584997673,0.0886153413957468,0.346653346653347,0.473526473526474,FALSE,FALSE,"reestimated",848.797,"31839"
"S1",2,100,0,504,323770279,333770298,"ok",NA,NA,0.970660706599376,0.0849557070513837,0.726273726273726,0.478521478521479,FALSE,FALSE,"reestimated",825.726999999999,"31839"
"S1",2,100,0,505,323771288,333771307,"ok",NA,NA,1.19016324260135,0.106616890356,0.30969030969031,0.306693306693307,FALSE,FALSE,"reestimated",846.347000000002,"31839"
"S1",2,100,0,506,323772297,333772316,"ok",NA,NA,0.808910542151901,0.0488750032374175,0.963036963036963,0.944055944055944,FALSE,FALSE,"reestimated",850.168,"31839"
"S1",2,100,0,507,323773306,333773325,"ok",NA,NA,1.10999688296596,0.0904814962616755,0.483516483516484,0.491508491508492,FALSE,FALSE,"reestimated",849.388000000001,"31839"
"S1",2,100,0,508,323774315,333774334,"ok",NA,NA,1.25141735679048,0.0945471295050301,0.187812187812188,0.353646353646354,FALSE,FALSE,"reestimated",852.449999999999,"31839"
"S1",2,100,0,509,323775324,333775343,"ok",NA,NA,1.08349369738028,0.106303605159324,0.543456543456543,0.345654345654346,FALSE,FALSE,"reestimated",856.494999999999,"31839"
"S1",2,100,0,510,323776333,333776352,"ok",NA,NA,1.04958741113571,0.0735729516679477,0.545454545454545,0.609390609390609,FALSE,FALSE,"reestimated",832.797999999999,"31839"
"S1",2,100,0,511,323777342,333777361,"ok",NA,NA,1.12512013816315,0.127578395044042,0.442557442557443,0.192807192807193,FALSE,FALSE,"reestimated",842.335000000001,"31839"
"S1",2,100,0,512,323778351,333778370,"ok",NA,NA,1.25043523703351,0.109203328904425,0.227772227772228,0.290709290709291,FALSE,FALSE,"reestimated",845.495000000001,"31839"
"S1",2,100,0,513,323779360,333779379,"ok",NA,NA,0.798775136343265,0.0538675838868529,0.958041958041958,0.886113886113886,FALSE,FALSE,"reestimated",844.559000000001,"31839"
"S1",2,100,0,514,323780369,333780388,"ok",NA,NA,0.998357140915525,0.0718686450733845,0.711288711288711,0.694305694305694,FALSE,FALSE,"reestimated",849.271000000001,"31839"
"S1",2,100,0,515,323781378,333781397,"ok",NA,NA,0.96991502383981,0.0670766104419024,0.708291708291708,0.7002997002997,FALSE,FALSE,"reestimated",833.661,"31839"
"S1",2,100,0,516,323782387,333782406,"ok",NA,NA,0.977478495990636,0.0691698086056406,0.737262737262737,0.7002997002997,FALSE,FALSE,"reestimated",843.395999999999,"31839"
"S1",2,100,0,517,323783396,333783415,"ok",NA,NA,1.0220283288994,0.0730722206713116,0.612387612387612,0.613386613386613,FALSE,FALSE,"reestimated",848.065999999999,"31839"
"S1",2,100,0,518,323784405,333784424,"ok",NA,NA,1.25668483696609,0.148483262812991,0.218781218781219,0.0999000999000999,FALSE,FALSE,"reestimated",843.815000000001,"31839"
"S1",2,100,0,519,323785414,333785433,"ok",NA,NA,0.99825094626479,0.0893480264283051,0.661338661338661,0.44955044955045,FALSE,FALSE,"reestimated",855.487000000001,"31839"
"S1",2,100,0,520,323786423,333786442,"ok",NA,NA,0.881067101777436,0.0711278565097253,0.88011988011988,0.702297702297702,FALSE,FALSE,"reestimated",852.076999999999,"31839"
"S1",2,100,0,521,323787432,333787451,"ok",NA,NA,1.10924118534985,0.0887578063348781,0.464535464535465,0.467532467532468,FALSE,FALSE,"reestimated",831.02,"31839"
"S1",2,100,0,522,323788441,333788460,"ok",NA,NA,0.757633903741398,0.0450183664000875,0.986013986013986,0.963036963036963,FALSE,FALSE,"reestimated",840.121999999999,"31839"
"S1",2,100,0,523,323789450,333789469,"ok",NA,NA,1.44743303329102,0.143252600270369,0.0569430569430569,0.0879120879120879,FALSE,FALSE,"reestimated",857.485000000001,"31839"
"S1",2,100,0,524,323790459,333790478,"ok",NA,NA,1.07398198723867,0.0779438223621389,0.574425574425574,0.655344655344655,FALSE,FALSE,"reestimated",840.179,"31839"
"S1",2,100,0,525,323791468,333791487,"ok",NA,NA,0.857545319301796,0.060628758938601,0.913086913086913,0.811188811188811,FALSE,FALSE,"reestimated",844.871000000001,"31839"
"S1",2,100,0,526,323792477,333792496,"ok",NA,NA,1.59628314140533,0.214059740978249,0.023976023976024,0.026973026973027,TRUE,TRUE,"reestimated",841.302,"31839"
"S1",2,100,0,527,323793486,333793505,"ok",NA,NA,1.25071318139807,0.100511831324099,0.291708291708292,0.428571428571429,FALSE,FALSE,"reestimated",845.209000000001,"31839"
"S1",2,100,0,528,323794495,333794514,"ok",NA,NA,1.07555325582932,0.110752019590996,0.513486513486514,0.215784215784216,FALSE,FALSE,"reestimated",851.392,"31839"
"S1",2,100,0,529,323795504,333795523,"ok",NA,NA,1.22834681438553,0.0835138251646009,0.285714285714286,0.589410589410589,FALSE,FALSE,"reestimated",833.161,"31839"
"S1",2,100,0,530,323796513,333796532,"ok",NA,NA,1.18301758481084,0.0908945135045611,0.331668331668332,0.453546453546454,FALSE,FALSE,"reestimated",839.289999999999,"31839"
"S1",2,100,0,531,323797522,333797541,"ok",NA,NA,1.26768583632795,0.113797269632698,0.214785214785215,0.278721278721279,FALSE,FALSE,"reestimated",828.981,"31839"
"S1",2,100,0,532,323798531,333798550,"ok",NA,NA,0.946488209191756,0.06294512226643,0.783216783216783,0.807192807192807,FALSE,FALSE,"reestimated",842.219000000001,"31839"
"S1",2,100,0,533,323799540,333799559,"ok",NA,NA,1.36352120880798,0.13303064777141,0.126873126873127,0.185814185814186,FALSE,FALSE,"reestimated",848.193000000001,"31839"
"S1",2,100,0,534,323800549,333800568,"ok",NA,NA,1.04657012803846,0.105862548823813,0.597402597402597,0.327672327672328,FALSE,FALSE,"reestimated",844.85,"31839"
"S1",2,100,0,535,323801558,333801577,"ok",NA,NA,1.52619375250418,0.207587034281006,0.035964035964036,0.026973026973027,TRUE,TRUE,"reestimated",851.184999999999,"31839"
"S1",2,100,0,536,323802567,333802586,"ok",NA,NA,1.04215959636838,0.0717986169943383,0.556443556443556,0.633366633366633,FALSE,FALSE,"reestimated",846.369999999999,"31839"
"S1",2,100,0,537,323803576,333803595,"ok",NA,NA,1.59754898531308,0.229839432104316,0.051948051948052,0.027972027972028,FALSE,TRUE,"reestimated",850.460999999999,"31839"
"S1",2,100,0,538,323804585,333804604,"ok",NA,NA,1.38885984119305,0.0969187843749696,0.0819180819180819,0.334665334665335,FALSE,FALSE,"reestimated",840.490000000002,"31839"
"S1",2,100,0,539,323805594,333805613,"ok",NA,NA,1.04908116077213,0.0674816721869593,0.546453546453546,0.695304695304695,FALSE,FALSE,"reestimated",841.345000000001,"31839"
"S1",2,100,0,540,323806603,333806622,"ok",NA,NA,1.39167856036177,0.179971317164679,0.0649350649350649,0.032967032967033,FALSE,TRUE,"reestimated",842.370000000001,"31839"
"S1",2,100,0,541,323807612,333807631,"ok",NA,NA,0.961612338626004,0.0690925217549256,0.713286713286713,0.647352647352647,FALSE,FALSE,"reestimated",841.393,"31839"
"S1",2,100,0,542,323808621,333808640,"ok",NA,NA,1.25408923689707,0.112497857798845,0.194805194805195,0.218781218781219,FALSE,FALSE,"reestimated",842.797999999999,"31839"
"S1",2,100,0,543,323809630,333809649,"ok",NA,NA,0.962529004923203,0.0878215870148973,0.778221778221778,0.494505494505495,FALSE,FALSE,"reestimated",845.535,"32298"
"S1",2,100,0,544,323810639,333810658,"ok",NA,NA,1.03520204900305,0.0786424340196473,0.59040959040959,0.555444555444555,FALSE,FALSE,"reestimated",859.247,"32298"
"S1",2,100,0,545,323811648,333811667,"ok",NA,NA,1.30264167103217,0.108354708581502,0.160839160839161,0.277722277722278,FALSE,FALSE,"reestimated",851.637,"32298"
"S1",2,100,0,546,323812657,333812676,"ok",NA,NA,0.954794250693979,0.0768573347283748,0.722277722277722,0.538461538461538,FALSE,FALSE,"reestimated",849.409,"32298"
"S1",2,100,0,547,323813666,333813685,"ok",NA,NA,1.13178597164849,0.111004624760138,0.393606393606394,0.200799200799201,FALSE,FALSE,"reestimated",839.487,"32298"
"S1",2,100,0,548,323814675,333814694,"ok",NA,NA,0.952562209855244,0.0861155374200233,0.795204795204795,0.48951048951049,FALSE,FALSE,"reestimated",857.382,"32298"
"S1",2,100,0,549,323815684,333815703,"ok",NA,NA,0.906426996169923,0.0624171917707795,0.87012987012987,0.85014985014985,FALSE,FALSE,"reestimated",855.418,"32298"
"S1",2,100,0,550,323816693,333816712,"ok",NA,NA,1.24878329994095,0.118043342438939,0.23976023976024,0.227772227772228,FALSE,FALSE,"reestimated",856.668,"32298"
"S1",2,100,0,551,323817702,333817721,"ok",NA,NA,1.20887136304558,0.0973588967492094,0.356643356643357,0.463536463536464,FALSE,FALSE,"reestimated",849.072,"32298"
"S1",2,100,0,552,323818711,333818730,"ok",NA,NA,1.09340294097509,0.0877032222560778,0.541458541458541,0.541458541458541,FALSE,FALSE,"reestimated",857.537,"32298"
"S1",2,100,0,553,323819720,333819739,"ok",NA,NA,1.16240619140418,0.0941205187833859,0.365634365634366,0.401598401598402,FALSE,FALSE,"reestimated",846.963,"32298"
"S1",2,100,0,554,323820729,333820748,"ok",NA,NA,1.22947639601504,0.148667986830953,0.21978021978022,0.0649350649350649,FALSE,FALSE,"reestimated",841.158,"32298"
"S1",2,100,0,555,323821738,333821757,"ok",NA,NA,1.36122369836251,0.14987172247685,0.0699300699300699,0.048951048951049,FALSE,TRUE,"reestimated",857.748,"32298"
"S1",2,100,0,556,323822747,333822766,"ok",NA,NA,0.778394817891569,0.0420509160435019,0.982017982017982,0.987012987012987,FALSE,FALSE,"reestimated",852.451,"32298"
"S1",2,100,0,557,323823756,333823775,"ok",NA,NA,0.929121230181336,0.0636641320537027,0.816183816183816,0.8001998001998,FALSE,FALSE,"reestimated",848.668,"32298"
"S1",2,100,0,558,323824765,333824784,"ok",NA,NA,1.25223997884675,0.114072237593664,0.226773226773227,0.267732267732268,FALSE,FALSE,"reestimated",853.993,"32298"
"S1",2,100,0,559,323825774,333825793,"ok",NA,NA,1.17838169198849,0.0678193821132464,0.324675324675325,0.738261738261738,FALSE,FALSE,"reestimated",860.833,"32298"
"S1",2,100,0,560,323826783,333826802,"ok",NA,NA,1.18913323077606,0.152721815842571,0.333666333666334,0.102897102897103,FALSE,FALSE,"reestimated",858.756,"32298"
"S1",2,100,0,561,323827792,333827811,"ok",NA,NA,1.40640366036132,0.139182929936404,0.0699300699300699,0.0979020979020979,FALSE,FALSE,"reestimated",857.298,"32298"
"S1",2,100,0,562,323828801,333828820,"ok",NA,NA,1.30495593872247,0.12622970685149,0.16983016983017,0.160839160839161,FALSE,FALSE,"reestimated",867.035,"32298"
"S1",2,100,0,563,323829810,333829829,"ok",NA,NA,1.35020835181895,0.117420282304301,0.115884115884116,0.206793206793207,FALSE,FALSE,"reestimated",865.968,"32298"
"S1",2,100,0,564,323830819,333830838,"ok",NA,NA,1.28237187327417,0.147634190224255,0.162837162837163,0.0869130869130869,FALSE,FALSE,"reestimated",849.528,"32298"
"S1",2,100,0,565,323831828,333831847,"ok",NA,NA,1.12218261033963,0.112042219323009,0.433566433566434,0.21978021978022,FALSE,FALSE,"reestimated",866.759,"32298"
"S1",2,100,0,566,323832837,333832856,"ok",NA,NA,1.30622475253092,0.112718503438704,0.204795204795205,0.356643356643357,FALSE,FALSE,"reestimated",865.252,"32298"
"S1",2,100,0,567,323833846,333833865,"ok",NA,NA,0.85883596120936,0.0729168429707219,0.922077922077922,0.711288711288711,FALSE,FALSE,"reestimated",865.252,"32298"
"S1",2,100,0,568,323834855,333834874,"ok",NA,NA,0.967015446369761,0.0743154502090241,0.733266733266733,0.609390609390609,FALSE,FALSE,"reestimated",867.351,"32298"
"S1",2,100,0,569,323835864,333835883,"ok",NA,NA,0.939002462519421,0.0574092321972324,0.805194805194805,0.84015984015984,FALSE,FALSE,"reestimated",868.424,"32298"
"S1",2,100,0,570,323836873,333836892,"ok",NA,NA,1.11934508930438,0.0911365299199761,0.384615384615385,0.387612387612388,FALSE,FALSE,"reestimated",866.075,"32298"
"S1",2,100,0,571,323837882,333837901,"ok",NA,NA,0.849655392660888,0.0451966148269665,0.923076923076923,0.968031968031968,FALSE,FALSE,"reestimated",841.781,"32298"
"S1",2,100,0,572,323838891,333838910,"ok",NA,NA,1.03313359242055,0.0835352220617267,0.615384615384615,0.525474525474525,FALSE,FALSE,"reestimated",864.674,"32298"
"S1",2,100,0,573,323839900,333839919,"ok",NA,NA,1.04012104100436,0.0823715491257641,0.617382617382617,0.541458541458541,FALSE,FALSE,"reestimated",860.424,"32298"
"S1",2,100,0,574,323840909,333840928,"ok",NA,NA,1.21793517591092,0.127720948475401,0.333666333666334,0.213786213786214,FALSE,FALSE,"reestimated",862.298,"32298"
"S1",2,100,0,575,323841918,333841937,"ok",NA,NA,1.09993321076358,0.112721136056456,0.486513486513487,0.274725274725275,FALSE,FALSE,"reestimated",860.402,"32298"
"S1",2,100,0,576,323842927,333842946,"ok",NA,NA,0.984344341765547,0.0680256757353135,0.708291708291708,0.74025974025974,FALSE,FALSE,"reestimated",864.231,"32298"
"S1",2,100,0,577,323843936,333843955,"ok",NA,NA,1.21164526291363,0.0882736868007017,0.277722277722278,0.423576423576424,FALSE,FALSE,"reestimated",864.549,"32298"
"S1",2,100,0,578,323844945,333844964,"ok",NA,NA,0.828943684229391,0.0435613954553807,0.953046953046953,0.969030969030969,FALSE,FALSE,"reestimated",868.339,"32298"
"S1",2,100,0,579,323845954,333845973,"ok",NA,NA,1.54131345854993,0.126990059555952,0.027972027972028,0.186813186813187,TRUE,FALSE,"reestimated",866.515,"32298"
"S1",2,100,0,580,323846963,333846982,"ok",NA,NA,1.23034800726606,0.117444393999811,0.276723276723277,0.26973026973027,FALSE,FALSE,"reestimated",847.638,"32298"
"S1",2,100,0,581,323847972,333847991,"ok",NA,NA,1.04587145856157,0.0951464411806061,0.507492507492508,0.345654345654346,FALSE,FALSE,"reestimated",866.661,"32298"
"S1",2,100,0,582,323848981,333849000,"ok",NA,NA,0.846942816386424,0.0641089741339403,0.916083916083916,0.726273726273726,FALSE,FALSE,"reestimated",863.201,"32298"
"S1",2,100,0,583,323849990,333850009,"ok",NA,NA,0.775813496219804,0.0562205884114719,0.968031968031968,0.845154845154845,FALSE,FALSE,"reestimated",867.731,"32298"
"S1",2,100,0,584,323850999,333851018,"ok",NA,NA,1.37847927589254,0.187349768522851,0.107892107892108,0.042957042957043,FALSE,TRUE,"reestimated",857.431,"32298"
"S1",2,100,0,585,323852008,333852027,"ok",NA,NA,1.19256773335194,0.0882060129743392,0.273726273726274,0.441558441558442,FALSE,FALSE,"reestimated",848.721,"32298"
"S1",2,100,0,586,323853017,333853036,"ok",NA,NA,0.898551511299877,0.0691801227009272,0.833166833166833,0.664335664335664,FALSE,FALSE,"reestimated",842.103,"32298"
"S1",2,100,0,587,323854026,333854045,"ok",NA,NA,1.05288538203202,0.079754601584529,0.531468531468531,0.527472527472527,FALSE,FALSE,"reestimated",865.749,"32298"
"S1",2,100,0,588,323855035,333855054,"ok",NA,NA,1.59655953675662,0.230806511424527,0.028971028971029,0.010989010989011,TRUE,TRUE,"reestimated",866.284,"32298"
"S1",2,100,0,589,323856044,333856063,"ok",NA,NA,1.5212097111163,0.152365437734693,0.032967032967033,0.0959040959040959,TRUE,FALSE,"reestimated",874.979,"32298"
"S1",2,100,0,590,323857053,333857072,"ok",NA,NA,1.2670638160895,0.123917450808259,0.201798201798202,0.178821178821179,FALSE,FALSE,"reestimated",858.72,"32298"
"S1",2,100,0,591,323858062,333858081,"ok",NA,NA,1.43244728719775,0.12170650468095,0.0609390609390609,0.213786213786214,FALSE,FALSE,"reestimated",861.566,"32298"
"S1",2,100,0,592,323859071,333859090,"ok",NA,NA,1.10571411088585,0.0866052514248067,0.476523476523477,0.513486513486514,FALSE,FALSE,"reestimated",859.378,"32298"
"S1",2,100,0,593,323860080,333860099,"ok",NA,NA,0.970190044932086,0.0698549264137749,0.78021978021978,0.76023976023976,FALSE,FALSE,"reestimated",857.86,"32298"
"S1",2,100,0,594,323861089,333861108,"ok",NA,NA,1.09195154175844,0.0944155886449022,0.516483516483517,0.446553446553447,FALSE,FALSE,"reestimated",864.167,"32298"
"S1",2,100,0,595,323862098,333862117,"ok",NA,NA,0.936807658451334,0.0656587193987715,0.827172827172827,0.772227772227772,FALSE,FALSE,"reestimated",858.483,"32298"
"S1",2,100,0,596,323863107,333863126,"ok",NA,NA,1.33270754208733,0.0727247109664057,0.134865134865135,0.653346653346653,FALSE,FALSE,"reestimated",847.696,"32298"
"S1",2,100,0,597,323864116,333864135,"ok",NA,NA,1.67157762630432,0.21267657670198,0.013986013986014,0.01998001998002,TRUE,TRUE,"reestimated",850.809,"32298"
"S1",2,100,0,598,323865125,333865144,"ok",NA,NA,1.31246876434207,0.137417433711868,0.116883116883117,0.0969030969030969,FALSE,FALSE,"reestimated",872.023,"32298"
"S1",2,100,0,599,323866134,333866153,"ok",NA,NA,1.34752343593825,0.127435379302394,0.135864135864136,0.215784215784216,FALSE,FALSE,"reestimated",857.58,"32298"
"S1",2,100,0,600,323867143,333867162,"ok",NA,NA,1.13472624189396,0.102200690908808,0.385614385614386,0.296703296703297,FALSE,FALSE,"reestimated",864.995,"32298"
"S1",2,100,0,601,323868152,333868171,"ok",NA,NA,0.969578401431914,0.0664313693707466,0.741258741258741,0.749250749250749,FALSE,FALSE,"reestimated",850.133,"32298"
"S1",2,100,0,602,323869161,333869180,"ok",NA,NA,0.986982536974229,0.0714940918841468,0.706293706293706,0.678321678321678,FALSE,FALSE,"reestimated",874.258,"32298"
"S1",2,100,0,603,323870170,333870189,"ok",NA,NA,0.896361541533012,0.0697417494710576,0.817182817182817,0.662337662337662,FALSE,FALSE,"reestimated",865.427,"32298"
"S1",2,100,0,604,323871179,333871198,"ok",NA,NA,1.06515624790443,0.136010553232676,0.575424575424575,0.174825174825175,FALSE,FALSE,"reestimated",859.389,"32298"
"S1",2,100,0,605,323872188,333872207,"ok",NA,NA,0.974564083252635,0.0750009965167541,0.717282717282717,0.633366633366633,FALSE,FALSE,"reestimated",858.511,"32298"
"S1",2,100,0,606,323873197,333873216,"ok",NA,NA,1.74330559656861,0.36050389023795,0.013986013986014,0.002997002997003,TRUE,TRUE,"reestimated",863.269,"32298"
"S1",2,100,0,607,323874206,333874225,"ok",NA,NA,1.17556957008668,0.0939470354672925,0.363636363636364,0.460539460539461,FALSE,FALSE,"reestimated",848.067,"32298"
"S1",2,100,0,608,323875215,333875234,"ok",NA,NA,1.02471644841451,0.0757893220375448,0.632367632367632,0.601398601398601,FALSE,FALSE,"reestimated",867.144,"32298"
"S1",2,100,0,609,323876224,333876243,"ok",NA,NA,1.13619430853965,0.0980794341341977,0.398601398601399,0.361638361638362,FALSE,FALSE,"reestimated",865.477,"32298"
"S1",2,100,0,610,323877233,333877252,"ok",NA,NA,1.21573463803213,0.0976428662168026,0.280719280719281,0.372627372627373,FALSE,FALSE,"reestimated",866.221,"32298"
"S1",2,100,0,611,323878242,333878261,"ok",NA,NA,1.05069669817864,0.0808519510062736,0.537462537462537,0.503496503496504,FALSE,FALSE,"reestimated",846.553,"32298"
"S1",2,100,0,612,323879251,333879270,"ok",NA,NA,0.977369174273888,0.080634208203362,0.734265734265734,0.586413586413586,FALSE,FALSE,"reestimated",867.734,"32298"
"S1",2,100,0,613,323880260,333880279,"ok",NA,NA,1.21749885139899,0.106610677309865,0.315684315684316,0.341658341658342,FALSE,FALSE,"reestimated",860.836,"32298"
"S1",2,100,0,614,323881269,333881288,"ok",NA,NA,1.03816461658981,0.0615541129865704,0.652347652347652,0.85014985014985,FALSE,FALSE,"reestimated",864.146,"32298"
"S1",2,100,0,615,323882278,333882297,"ok",NA,NA,1.01809720702696,0.0744472785707708,0.659340659340659,0.657342657342657,FALSE,FALSE,"reestimated",853.815,"32298"
"S1",2,100,0,616,323883287,333883306,"ok",NA,NA,1.40581748631254,0.150496537055135,0.0899100899100899,0.123876123876124,FALSE,FALSE,"reestimated",850.956,"32298"
"S1",2,100,0,617,323884296,333884315,"ok",NA,NA,1.01362573542386,0.0631281849687088,0.619380619380619,0.751248751248751,FALSE,FALSE,"reestimated",865.856,"32298"
"S1",2,100,0,618,323885305,333885324,"ok",NA,NA,0.985164648903616,0.074438243267919,0.695304695304695,0.622377622377622,FALSE,FALSE,"reestimated",864.215,"32298"
"S1",2,100,0,619,323886314,333886333,"ok",NA,NA,1.40791601167395,0.237860282786814,0.106893106893107,0.012987012987013,FALSE,TRUE,"reestimated",863.13,"32298"
"S1",2,100,0,620,323887323,333887342,"ok",NA,NA,1.14089972961942,0.0768916698113192,0.426573426573427,0.648351648351648,FALSE,FALSE,"reestimated",844.233000000001,"32298"
"S1",2,100,0,621,323888332,333888351,"ok",NA,NA,1.07553289222822,0.0926339050316796,0.547452547452547,0.453546453546454,FALSE,FALSE,"reestimated",860.268,"32298"
"S1",2,100,0,622,323889341,333889360,"ok",NA,NA,1.12397536428494,0.0752549045311735,0.388611388611389,0.566433566433566,FALSE,FALSE,"reestimated",865.197,"32298"
"S1",2,100,0,623,323890350,333890369,"ok",NA,NA,1.25364010919177,0.104857411091394,0.194805194805195,0.258741258741259,FALSE,FALSE,"reestimated",866.611,"32298"
"S1",2,100,0,624,323891359,333891378,"ok",NA,NA,1.13474519737964,0.11222658965925,0.407592407592408,0.247752247752248,FALSE,FALSE,"reestimated",863.439,"32298"
"S1",2,100,0,625,323892368,333892387,"ok",NA,NA,1.01893197524142,0.071451523306656,0.68031968031968,0.744255744255744,FALSE,FALSE,"reestimated",852.885,"32298"
"S1",2,100,0,626,323893377,333893396,"ok",NA,NA,0.856035252280358,0.0579887147877536,0.92007992007992,0.856143856143856,FALSE,FALSE,"reestimated",851.227,"32298"
"S1",2,100,0,627,323894386,333894405,"ok",NA,NA,0.995607368940752,0.0852341540110176,0.671328671328671,0.501498501498502,FALSE,FALSE,"reestimated",864.779,"32298"
"S1",2,100,0,628,323895395,333895414,"ok",NA,NA,1.2294018685558,0.107178965764212,0.304695304695305,0.372627372627373,FALSE,FALSE,"reestimated",864.743,"32298"
"S1",2,100,0,629,323896404,333896423,"ok",NA,NA,0.999942015008781,0.0843509920653282,0.662337662337662,0.482517482517482,FALSE,FALSE,"reestimated",839.942,"32298"
"S1",2,100,0,630,323897413,333897432,"ok",NA,NA,1.14315232653192,0.0919389575305385,0.416583416583417,0.454545454545455,FALSE,FALSE,"reestimated",852.718000000001,"32298"
"S1",2,100,0,631,323898422,333898441,"ok",NA,NA,0.95078116572921,0.0694622276887741,0.785214785214785,0.721278721278721,FALSE,FALSE,"reestimated",862.657,"32298"
"S1",2,100,0,632,323899431,333899450,"ok",NA,NA,1.25501352699537,0.129176078697317,0.182817182817183,0.13986013986014,FALSE,FALSE,"reestimated",859.112,"32298"
"S1",2,100,0,633,323900440,333900459,"ok",NA,NA,1.13096546057752,0.0939580886986584,0.525474525474525,0.568431568431568,FALSE,FALSE,"reestimated",862.196,"32298"
"S1",2,100,0,634,323901449,333901468,"ok",NA,NA,1.03436914957518,0.100907855005552,0.664335664335664,0.427572427572428,FALSE,FALSE,"reestimated",866.72,"32298"
"S1",2,100,0,635,323902458,333902477,"ok",NA,NA,0.879858667743589,0.0684862072817456,0.881118881118881,0.72027972027972,FALSE,FALSE,"reestimated",868.492999999999,"32298"
"S1",2,100,0,636,323903467,333903486,"ok",NA,NA,1.04728226072268,0.0780505533022149,0.55044955044955,0.549450549450549,FALSE,FALSE,"reestimated",858.959,"32298"
"S1",2,100,0,637,323904476,333904495,"ok",NA,NA,1.07682182394817,0.0683077731458242,0.546453546453546,0.732267732267732,FALSE,FALSE,"reestimated",859.745,"32298"
"S1",2,100,0,638,323905485,333905504,"ok",NA,NA,1.1622711586178,0.0839507314147721,0.317682317682318,0.430569430569431,FALSE,FALSE,"reestimated",865.427,"32298"
"S1",2,100,0,639,323906494,333906513,"ok",NA,NA,1.25796132551916,0.123756667277227,0.247752247752248,0.232767232767233,FALSE,FALSE,"reestimated",855.488,"32298"
"S1",2,100,0,640,323907503,333907522,"ok",NA,NA,1.33086986616736,0.126315294021125,0.152847152847153,0.218781218781219,FALSE,FALSE,"reestimated",852.67,"32298"
"S1",2,100,0,641,323908512,333908531,"ok",NA,NA,1.13254980761088,0.0709886897011684,0.378621378621379,0.65034965034965,FALSE,FALSE,"reestimated",858.387000000001,"32298"
"S1",2,100,0,642,323909521,333909540,"ok",NA,NA,1.08595070293276,0.074199427095655,0.508491508491508,0.654345654345654,FALSE,FALSE,"reestimated",861.055,"32298"
"S1",2,100,0,643,323910530,333910549,"ok",NA,NA,1.45032168780948,0.267604934342837,0.038961038961039,0.002997002997003,TRUE,TRUE,"reestimated",856.116,"32298"
"S1",2,100,0,644,323911539,333911558,"ok",NA,NA,0.82149237915404,0.0482706902152323,0.936063936063936,0.929070929070929,FALSE,FALSE,"reestimated",854.977000000001,"32298"
"S1",2,100,0,645,323912548,333912567,"ok",NA,NA,1.08007643108968,0.0572179484630912,0.454545454545455,0.796203796203796,FALSE,FALSE,"reestimated",838.18,"32298"
"S1",2,100,0,646,323913557,333913576,"ok",NA,NA,1.22269487193165,0.0955345730174828,0.22977022977023,0.356643356643357,FALSE,FALSE,"reestimated",856.304999999999,"32298"
"S1",2,100,0,647,323914566,333914585,"ok",NA,NA,1.3845746738548,0.15521559549963,0.116883116883117,0.0929070929070929,FALSE,FALSE,"reestimated",834.852,"32298"
"S1",2,100,0,648,323915575,333915594,"ok",NA,NA,0.917291382864512,0.0670853612201568,0.826173826173826,0.73026973026973,FALSE,FALSE,"reestimated",859.258,"32298"
"S1",2,100,0,649,323916584,333916603,"ok",NA,NA,0.878435204622396,0.0686509269094721,0.878121878121878,0.682317682317682,FALSE,FALSE,"reestimated",863.962,"32298"
"S1",2,100,0,650,323917593,333917612,"ok",NA,NA,1.66957647476242,0.148496445272315,0.018981018981019,0.106893106893107,TRUE,FALSE,"reestimated",848.71,"32298"
"S1",2,100,0,651,323918602,333918621,"ok",NA,NA,0.923183199419263,0.0440908768114493,0.799200799200799,0.971028971028971,FALSE,FALSE,"reestimated",860.706,"32298"
"S1",2,100,0,652,323919611,333919630,"ok",NA,NA,1.20947669810103,0.127282467725199,0.258741258741259,0.135864135864136,FALSE,FALSE,"reestimated",858.602999999999,"32298"
"S1",2,100,0,653,323920620,333920639,"ok",NA,NA,1.64005719669266,0.229409819600202,0.021978021978022,0.021978021978022,TRUE,TRUE,"reestimated",862.576,"32298"
"S1",2,100,0,654,323921629,333921648,"ok",NA,NA,1.08879455427062,0.142128134602879,0.571428571428571,0.185814185814186,FALSE,FALSE,"reestimated",863.82,"32298"
"S1",2,100,0,655,323922638,333922657,"ok",NA,NA,0.998203242752846,0.0905154066973066,0.623376623376623,0.341658341658342,FALSE,FALSE,"reestimated",729.901,"32298"
"S1",2,100,0,656,323923647,333923666,"ok",NA,NA,1.05495902737449,0.069883054501932,0.557442557442557,0.683316683316683,FALSE,FALSE,"reestimated",736.373,"32298"
"S1",2,100,0,657,323924656,333924675,"ok",NA,NA,1.09973758412596,0.107591865426217,0.447552447552448,0.226773226773227,FALSE,FALSE,"reestimated",726.83,"32298"
"S1",2,100,0,658,323925665,333925684,"ok",NA,NA,1.32385238115816,0.129574041128996,0.155844155844156,0.157842157842158,FALSE,FALSE,"reestimated",729.744000000001,"32298"
"S1",2,100,0,659,323926674,333926693,"ok",NA,NA,1.24330741849281,0.133084447744453,0.266733266733267,0.185814185814186,FALSE,FALSE,"reestimated",735.481,"32298"
"S1",2,100,0,660,323927683,333927702,"ok",NA,NA,1.33301258965144,0.144022846688622,0.104895104895105,0.0879120879120879,FALSE,FALSE,"reestimated",729.771,"32298"
"S1",2,100,0,661,323928692,333928711,"ok",NA,NA,1.59840340031951,0.112824494625109,0.00999000999000999,0.182817182817183,TRUE,FALSE,"reestimated",738.68,"32298"
"S1",2,100,0,662,323929701,333929720,"ok",NA,NA,1.4534864033617,0.151864823627277,0.0589410589410589,0.0819180819180819,FALSE,FALSE,"reestimated",729.482,"32298"
"S1",2,100,0,663,323930710,333930729,"ok",NA,NA,0.981656989476601,0.0715575721772172,0.705294705294705,0.641358641358641,FALSE,FALSE,"reestimated",729.902999999999,"32298"
"S1",2,100,0,664,323931719,333931738,"ok",NA,NA,1.18638464777416,0.0839489948806199,0.25974025974026,0.450549450549451,FALSE,FALSE,"reestimated",725.169,"32298"
"S1",2,100,0,665,323932728,333932747,"ok",NA,NA,1.04362788898074,0.0650430265483152,0.577422577422577,0.752247752247752,FALSE,FALSE,"reestimated",726.083,"32298"
"S1",2,100,0,666,323933737,333933756,"ok",NA,NA,0.89312593299505,0.0584298972620992,0.832167832167832,0.791208791208791,FALSE,FALSE,"reestimated",727.451999999999,"32298"
"S1",2,100,0,667,323934746,333934765,"ok",NA,NA,1.15645283001177,0.100990084593038,0.331668331668332,0.304695304695305,FALSE,FALSE,"reestimated",735.514,"32298"
