"sand","silt","clay"
0.775,0.195,0.03
0.719,0.249,0.032
0.507,0.361,0.132
0.523570712136409,0.410230692076229,0.0661985957873621
0.7,0.265,0.035
0.665,0.322,0.013
0.431,0.553,0.016
0.534,0.368,0.098
0.155,0.544,0.301
0.317,0.415,0.268
0.657,0.278,0.065
0.704,0.29,0.006
0.174,0.536,0.29
0.106,0.698,0.196
0.382,0.431,0.187
0.108,0.527,0.365
0.184,0.507,0.309
0.046,0.474,0.48
0.156,0.504,0.34
0.319,0.451,0.23
0.095,0.535,0.37
0.171,0.48,0.349
0.105,0.554,0.341
0.0477611940298507,0.544278606965174,0.407960199004975
0.026,0.452,0.522
0.114,0.527,0.359
0.067,0.469,0.464
0.069,0.497,0.434
0.04,0.449,0.511
0.0740740740740741,0.516516516516517,0.409409409409409
0.048,0.495,0.457
0.045,0.485,0.47
0.066,0.521,0.413
0.0670670670670671,0.473473473473473,0.459459459459459
0.0740740740740741,0.456456456456456,0.469469469469469
0.06,0.489,0.451
0.063,0.538,0.399
0.025,0.48,0.495
0.02,0.478,0.502
