"yat","yee","sam"
0.218912529550827,0.417966903073286,0.363120567375887
0.144927527099715,0.541902990428293,0.313169482471992
0.144144144144144,0.572822822822823,0.283033033033033
0.190132370637786,0.478941034897714,0.330926594464501
0.315932818883341,0.325011348161598,0.359055832955061
0.395907446437164,0.293149479232628,0.310943074330208
0.364542696142176,0.320762895535327,0.314694408322497
0.319125070106562,0.380818844643859,0.300056085249579
0.4359197907585,0.268090671316478,0.295989537925022
0.390924002186987,0.256971022416621,0.352104975396392
0.516942474389283,0.163120567375887,0.319936958234831
0.472078593588418,0.223888314374354,0.304033092037229
0.371055004508566,0.367899008115419,0.261045987376014
0.3719646799117,0.394039735099338,0.233995584988962
0.410398788490661,0.308934881373044,0.280666330136295
0.53607827150428,0.23399918467183,0.229922543823889
0.236842092797785,0.42842108271468,0.334736824487536
0.186868686868687,0.464646464646465,0.348484848484849
0.224115334207077,0.44954128440367,0.326343381389253
0.259383753501401,0.407282913165266,0.333333333333333
0.278041074249605,0.32596103212217,0.395997893628225
0.339959225280326,0.279816513761468,0.380224260958206
0.308886509635974,0.288008565310493,0.403104925053533
0.32952776336274,0.255838090295797,0.414634146341463
0.262250453720508,0.314882032667877,0.422867513611615
0.260909947117453,0.324048297309577,0.415041755572969
0.245005257623554,0.312828601472135,0.442166140904311
0.24,0.387012987012987,0.372987012987013
