"mG","mL","mM"
0.732,0.256,0.012
0.664,0.28,0.056
0.720675944333996,0.21272365805169,0.0666003976143141
0.806,0.175,0.019
0.62,0.351,0.029
0.856,0.113,0.031
0.957,0.03,0.013
0.927,0.053,0.02
0.903,0.072,0.025
0.936000000936,0.055000000055,0.008999999009
0.871,0.114,0.015
0.445,0.523,0.032
0.24,0.736,0.024
0.475,0.472,0.053
0.318,0.663,0.019
0.462,0.516,0.022
0.376,0.252,0.372
0.44,0.24,0.32
0.583,0.142,0.275
0.399,0.169,0.432
0.804,0.152,0.044
0.655,0.263,0.082
0.725,0.218,0.057
0.65,0.298,0.052
0.37,0.166,0.464
0.175,0.802,0.023
0.328,0.627,0.045
0.427,0.511,0.062
0.943,0.046,0.011
0.86,0.108,0.032
