"paFL","paSK","paST"
0.5065682,0.2209737,0.2724581
0.5419202,0.2570622,0.2010176
0.535209,0.2219187,0.2428723
0.505474949452505,0.273383472661653,0.221141577885842
0.5030194,0.2441523,0.2528283
0.4158645,0.276037,0.3080985
0.428546757145324,0.252801874719813,0.318651368134863
0.507431549256845,0.249289275071072,0.243279175672082
0.425803957419604,0.232758976724102,0.341437065856293
0.518606048139395,0.277972972202703,0.203420979657902
0.5708667,0.2100623,0.219071
0.4583552,0.2856477,0.2559971
0.547839190432162,0.23842735231453,0.213733457253309
0.4757225,0.2310007,0.2932768
0.5723877,0.2215625,0.2060498
0.530673246932675,0.217206178279382,0.252120574787942
0.4330017,0.2032853,0.363713
0.5001605,0.2645939,0.2352456
0.4685192,0.2954663,0.2360145
0.4767002,0.2316361,0.2916637
0.460348153965185,0.220043377995662,0.319608468039153
0.4833232,0.2500432,0.2666336
0.4993984,0.2670201,0.2335815
0.5382128,0.2119167,0.2498705
0.4318306,0.3241268,0.2440426
0.5124542,0.2244433,0.2631025
0.512154048784595,0.244382275561772,0.243463675653632
0.4912379,0.258905,0.2498571
0.505916149408385,0.219715578028442,0.274368272563173
0.4748677,0.2454231,0.2797092
0.484346651565335,0.240568475943152,0.275084872491513
0.555899344410066,0.221908377809162,0.222192277780772
0.432294256770574,0.252685574731443,0.315020168497983
0.541139645886035,0.215506378449362,0.243353975664602
0.406136459386354,0.268628273137173,0.325235267476473
0.5061177,0.2187641,0.2751182
0.485260451473955,0.239848476015152,0.274891072510893
0.5499805,0.1969424,0.2530771
0.5489854,0.1886143,0.2624003
0.602377439762256,0.189952681004732,0.207669879233012
