artifact	sha256	source
paper/artifacts/s1/figure1_plot_input.rds	002573b5bcba694e5c557b501f4ae32c49d086df9ff9952441bfd4d5c9dfe734	output/convergence/gaussian_process/s1/limit_gaussian_s1_exact_kappa2_angles16_t200_tdomain_result.rds (reduced fields)
paper/artifacts/s1/limit_gaussian_s1_exact_kappa2_angles16_t200_rainbow_left.png	558560d406ff8ea72162baeaa61a13f2480f3fbdb934990cd88d34025e9bb682	manuscript img/limit_gaussian_s1_exact_kappa2_angles16_t200_rainbow_left.png (manuscript asset)
paper/artifacts/s1/limit_gaussian_s1_exact_kappa2_angles16_t200_rainbow_right.png	f6b6de26f656711fbf4fb11e426c2dad1898e720db0cfbf4a91398e5a27a2338	manuscript img/limit_gaussian_s1_exact_kappa2_angles16_t200_rainbow_right.png (manuscript asset)
paper/artifacts/simplex/arcticlake.csv	4776a5ce6984518d04f2fa2341552c4cdefea3f131d92f6350a2f8143d014947	compositions::arcticlake (closed to sum 1)
paper/artifacts/simplex/pogojump.csv	43156e4fef520e7922e3d1ba1b02362b571e4212891ee8b5138cef8c8abfb9cd	compositions::pogojump (closed to sum 1)
paper/artifacts/simplex/sediments.csv	47cb070ec0638f1dd148dae7b31eaf8935ae976c441e6a115e6a282cdbddea91	compositions::sediments (closed to sum 1)
paper/artifacts/simplex/whitecells_microscopic.csv	776dc1c758b31d7d73106a511db70709f8d811a9793f1183b0c2b47e43f2d2b5	compositions::whitecells_microscopic (closed to sum 1)
paper/artifacts/simplex/yatquat_panel.csv	3d28ff4e80c3e8165d85bbce5a200e240088568d56f42a9d3c51022e2cc63cbd	compositions::yatquat_panel (closed to sum 1)
paper/artifacts/sunspots/cycle23_joint_spatial_window_metadata.csv	df39bdeea3a8bf92fe3cb1c964cee9de6062ff7543d1ab365c3ddf0bdf0cb48c	real_data/sunspots/output/cycle23_joint_spatial_window_parametric_shared_centered_daily/cycle23_joint_spatial_window_metadata.csv
paper/artifacts/sunspots/cycle23_joint_time_space_mle.csv	88a85f743370e0fafb626feb4019a29684922f4bb5ef060e4db804b3966c9518	real_data/sunspots/output/cycle23_joint_spatial_window_parametric_shared_centered_daily/cycle23_joint_time_space_mle.csv
paper/artifacts/sunspots/cycle23_joint_time_space_retained_data.csv	9746922ba273b27f60acc337435da15b90a1f8bf02b467ea2a1d2605e714c049	real_data/sunspots/output/cycle23_joint_spatial_window_parametric_shared_centered_daily/cycle23_joint_time_space_retained_data.csv
paper/artifacts/tables/comets_c2_sc.csv	59f8f5c942e61d4c217d1f3d22b2a5879357b000420aa25c7be2c6a9132b333c	real_data/reruns/paper_comets_joint_B1000_Nderiv10000_20260908_133237/summary.csv
paper/artifacts/tables/comets_ub.csv	cc37b25f366eb5eee6b4c4630236416a2868ec969bcadf52eb65800753f3aff5	real_data/reruns/comets_uniform_beta_joint_kernel_B1000_8cores/comets_uniform_beta_joint_summary.csv
paper/artifacts/tables/compositions_ks_cvm.csv	ee85263f43989d95ceec128c9a8edd9e5d10fb321422dc26ea144997ab3aa61f	real_data/reruns/paper_main_realdata_B1000_3cores_20260831_113532/compositions/ks_cvm_pvalues.csv
paper/artifacts/tables/hz_pvalues.csv	4eeae0d102e58f973d1c477b95c01acac4182c5b05566fe975879d86aebc46ae	real_data/logistic_gaussian/screening/fast/paper_table_B5000_sampleks_fast_rerun_20260718/hz_pvalues/hz_pvalues.csv (the eight paper datasets)
paper/artifacts/tables/scenario1_n800.csv	94c2fd83093d0a905d471de9cdd797b291b84e4ba3e01c58fb604dd1b255bf0c	six n800 summary.csv files under simulation_results/restricted_spiked_normal_B1000
paper/artifacts/tables/simulation_audit.json	786434763199daed1e84a8d772ab7016232c4e7700659fa581f21f6ddccf9603	output/audits/paper_20260908/simulation_audit.json
paper/artifacts/tables/sunspots_gof.csv	c5ad1bc4cab128f2f2bbed6a8820a33666c1456b65d957e34a86a618aa97a3bd	real_data/reruns/sunspots_joint_B1000_Nderiv10000_20260908_154757/cycle23_joint_time_space_samplegof_fast_results.csv
paper/artifacts/tables/table3_fast_rates.csv	ca84237b55eb41b786750498a392fb259ba35f3767eae607551cf33e8b68e158	paper/artifacts/table3/fast_batches/*.csv via paper/summarize_table3.py fast (16,000 matched fast replications)
paper/artifacts/tables/table3_slow_summary.csv	6f02adb5d720f3d6a449a4cbdc3de09a68ec20f2ea8ac9234652d6619c410936	paper/artifacts/table3/slow_batches/*.csv via paper/summarize_table3.py slow (16,000 re-estimated replications)
paper/artifacts/tables/wind_gof.csv	a94712d372fba8e01e2feed4deed0a909ec80d42d4a6447542a06761f86cf052	real_data/reruns/paper_main_realdata_B1000_3cores_20260831_113532/wind/wind_B1000_summary.csv
paper/artifacts/vmf_convergence/comp_vmf_xi_kappa0.5_mu1p0_0p0_0p0_geodesic_M10000_grid10x10.rds	a5cfea9953ad14c05200b0bcea7b0181b21bc40c7c6aa7f570f031a85b30259d	output/convergence/gaussian_process/vmf_paper_grid10x10/simulation_results/comp_vmf_xi_kappa0.5_mu1p0_0p0_0p0_geodesic_M10000_grid10x10.rds
paper/artifacts/vmf_convergence/comp_vmf_xi_kappa1_mu1p0_0p0_0p0_geodesic_M10000_grid10x10.rds	a72ee52caf1ddfd6cca0a23165c9e187f78317310ef1858e58f8141eeae39ca4	output/convergence/gaussian_process/vmf_paper_grid10x10/simulation_results/comp_vmf_xi_kappa1_mu1p0_0p0_0p0_geodesic_M10000_grid10x10.rds
paper/artifacts/vmf_convergence/comp_vmf_xi_kappa5_mu1p0_0p0_0p0_geodesic_M10000_grid10x10.rds	1e10e8838d6fe2a74fc72f905029ce5ee561f90bc8327fb3afc0b38e826778de	output/convergence/gaussian_process/vmf_paper_grid10x10/simulation_results/comp_vmf_xi_kappa5_mu1p0_0p0_0p0_geodesic_M10000_grid10x10.rds
paper/artifacts/vmf_convergence/simple_vmf_kappa0.5_mu1p0_0p0_0p0_geodesic_M10000_grid10x10.rds	431f256831d97bf901ffcb0aaf7276090da55245d2c576c1969ac97eb7fadadc	output/convergence/gaussian_process/vmf_paper_grid10x10/simulation_results/simple_vmf_kappa0.5_mu1p0_0p0_0p0_geodesic_M10000_grid10x10.rds
paper/artifacts/vmf_convergence/simple_vmf_kappa1_mu1p0_0p0_0p0_geodesic_M10000_grid10x10.rds	5bdc2ad7023017eb6751ac015df66881361e6915da2e5fdd7f579b4d81b1beef	output/convergence/gaussian_process/vmf_paper_grid10x10/simulation_results/simple_vmf_kappa1_mu1p0_0p0_0p0_geodesic_M10000_grid10x10.rds
paper/artifacts/vmf_convergence/simple_vmf_kappa5_mu1p0_0p0_0p0_geodesic_M10000_grid10x10.rds	b17df5d5a0d0b9741ec48704425722263d311cfe7b8e9e676be39d98668eedf7	output/convergence/gaussian_process/vmf_paper_grid10x10/simulation_results/simple_vmf_kappa5_mu1p0_0p0_0p0_geodesic_M10000_grid10x10.rds
paper/artifacts/wind/may_jun_jul_77m_start4.csv	1b6bd43fa2a42f18cf843464e6523b4e0aac426c7f8211d973a21452869e1a91	real_data/wind/risoe_m_all.nc (77m 1996-2004 cleaned noon sample)
paper/artifacts/wind/nov_dec_jan_77m_start4.csv	025af54ed3bee2af51a63f1b3ad6a3bef8a843130e30daf34c7f43e2cf02fa65	real_data/wind/risoe_m_all.nc (77m 1996-2004 cleaned noon sample)
paper/artifacts/table3/fast_batches/S1_d2_rep0001_0334.csv	afa16d89efbc2b20b56bf975df83d2d268ff8a56be6769cae7f767dd1990fc05	simulation_results/paper_fast_matched_c3_20260929_024311/fast_batches/S1_d2_rep0001_0334.csv
paper/artifacts/table3/fast_batches/S1_d2_rep0335_0667.csv	83ece837281c0e977896bbf4e98bbdb4772b0a863e1fe0c9122e897ec746175e	simulation_results/paper_fast_matched_c3_20260929_024311/fast_batches/S1_d2_rep0335_0667.csv
paper/artifacts/table3/fast_batches/S1_d2_rep0668_1000.csv	737b224037cfa9688304a6f8315fc5e155216952f6a7a39117ddc2dd3306d333	simulation_results/paper_fast_matched_c3_20260929_024311/fast_batches/S1_d2_rep0668_1000.csv
paper/artifacts/table3/fast_batches/S1_d5_rep0001_0334.csv	05bf95d42f3e97a2da9a18b1895f0766f5ac0a86d3e824655e2e32379ba92d71	simulation_results/paper_fast_matched_c3_20260929_024311/fast_batches/S1_d5_rep0001_0334.csv
paper/artifacts/table3/fast_batches/S1_d5_rep0335_0667.csv	8aef4f726c73fb0fa4532066650a935c0f3bb760adb7677e7932d47231e65a5b	simulation_results/paper_fast_matched_c3_20260929_024311/fast_batches/S1_d5_rep0335_0667.csv
paper/artifacts/table3/fast_batches/S1_d5_rep0668_1000.csv	e241d055d95f1b06e2351aad913298320f0c2a3664dfd9b687c0c7bd8a247db0	simulation_results/paper_fast_matched_c3_20260929_024311/fast_batches/S1_d5_rep0668_1000.csv
paper/artifacts/table3/fast_batches/S2_d2_rep0001_1000.csv	42641be358a4edc7aac59082101c565f0e797b1b7a6cc0c8980067ce822a1b24	simulation_results/paper_fast_matched_c3_20260929_024311/fast_batches/S2_d2_rep0001_1000.csv
paper/artifacts/table3/fast_batches/S2_d5_rep0001_1000.csv	bc2c4043f5dee5c99f1f26b49c9c7d4c0ae8a8358e577a4a15146f4d17f51bef	simulation_results/paper_fast_matched_c3_20260929_024311/fast_batches/S2_d5_rep0001_1000.csv
paper/artifacts/table3/fast_batches/S3_d2_rep0001_1000.csv	a593a1d19e6fdf0a7dd61deef7d1a9aa72cfbbd71d3057d63f3fee6a7b133a7d	simulation_results/paper_fast_matched_c3_20260929_024311/fast_batches/S3_d2_rep0001_1000.csv
paper/artifacts/table3/fast_batches/S3_d5_rep0001_1000.csv	90e7c6168e3cf794ed0a2a525e3e2a5bf6e26f27850a44e390bb5f3fae9ebcdf	simulation_results/paper_fast_matched_c3_20260929_024311/fast_batches/S3_d5_rep0001_1000.csv
paper/artifacts/table3/fast_batches/S4_d2_rep0001_0334.csv	ad59f4fd09522fd5eeeee35b43929ddc3c60a2c2f6b0ecb472cc2750bf4702f6	simulation_results/paper_fast_matched_c3_20260929_024311/fast_batches/S4_d2_rep0001_0334.csv
paper/artifacts/table3/fast_batches/S4_d2_rep0335_0667.csv	6ac730087b390999acf1e0c74cface5c900f146c7fca2e2f2b89082a5391795c	simulation_results/paper_fast_matched_c3_20260929_024311/fast_batches/S4_d2_rep0335_0667.csv
paper/artifacts/table3/fast_batches/S4_d2_rep0668_1000.csv	537814fc3bcbbf1cfa0387c209e93fe077a082323b2cd4d2356663dec4cb36b1	simulation_results/paper_fast_matched_c3_20260929_024311/fast_batches/S4_d2_rep0668_1000.csv
paper/artifacts/table3/fast_batches/S4_d5_rep0001_0334.csv	4b47b20f9de36c5500560f67d39babbd89908f64eabc70ef9a628d2403ca79b5	simulation_results/paper_fast_matched_c3_20260929_024311/fast_batches/S4_d5_rep0001_0334.csv
paper/artifacts/table3/fast_batches/S4_d5_rep0335_0667.csv	020e9573306b35490a0e049c5a5f969e9de0ee2fa85e97792c5ddbac990a6d78	simulation_results/paper_fast_matched_c3_20260929_024311/fast_batches/S4_d5_rep0335_0667.csv
paper/artifacts/table3/fast_batches/S4_d5_rep0668_1000.csv	931700ba902b14e9d761eb36d69b982aec863acf86cbe1496c770944aa096bf6	simulation_results/paper_fast_matched_c3_20260929_024311/fast_batches/S4_d5_rep0668_1000.csv
paper/artifacts/table3/fast_batches/S5_d2_rep0001_0334.csv	83f339cdc0b50653f1438f71f2b6d33681203c3c513337e4efcb8cfa8ed6484a	simulation_results/paper_fast_matched_c3_20260929_024311/fast_batches/S5_d2_rep0001_0334.csv
paper/artifacts/table3/fast_batches/S5_d2_rep0335_0667.csv	c4f0eb0b409eb6eb14879922bf1110baa99675996175e91ab5491eb2f93268c3	simulation_results/paper_fast_matched_c3_20260929_024311/fast_batches/S5_d2_rep0335_0667.csv
paper/artifacts/table3/fast_batches/S5_d2_rep0668_1000.csv	0e6bfb15bed937a032137d2fb57528a2af86a6d061511d0dac48ba41b13cbe06	simulation_results/paper_fast_matched_c3_20260929_024311/fast_batches/S5_d2_rep0668_1000.csv
paper/artifacts/table3/fast_batches/S5_d5_rep0001_0100.csv	22ff1dcb006ddae09157ab834e5bd36b222518e690bd1bdf552bdca6e7abd120	simulation_results/paper_fast_matched_c3_20260929_024311/fast_batches/S5_d5_rep0001_0100.csv
paper/artifacts/table3/fast_batches/S5_d5_rep0101_0200.csv	261c149916b1e64d3d7c6a3307ccbbc41d446367077db018eb2fb8fa8b3d73fa	simulation_results/paper_fast_matched_c3_20260929_024311/fast_batches/S5_d5_rep0101_0200.csv
paper/artifacts/table3/fast_batches/S5_d5_rep0201_0300.csv	51df6838427178c6544d8b3881fab8e8f08c87695c7179b752b479968bf0bafb	simulation_results/paper_fast_matched_c3_20260929_024311/fast_batches/S5_d5_rep0201_0300.csv
paper/artifacts/table3/fast_batches/S5_d5_rep0301_0400.csv	6f0029c2c24dad971e79c549594850e7e6b6dc34000dbe5cd98600354680f242	simulation_results/paper_fast_matched_c3_20260929_024311/fast_batches/S5_d5_rep0301_0400.csv
paper/artifacts/table3/fast_batches/S5_d5_rep0401_0500.csv	12b0e63a7c6a91057877c4467d3b753ea37c6b60a6c257849617652c9434a797	simulation_results/paper_fast_matched_c3_20260929_024311/fast_batches/S5_d5_rep0401_0500.csv
paper/artifacts/table3/fast_batches/S5_d5_rep0501_0600.csv	32c1f565b69b5e03f579c5a6e0bc308fb4ae04bd640535b51410981cb34e9d6f	simulation_results/paper_fast_matched_c3_20260929_024311/fast_batches/S5_d5_rep0501_0600.csv
paper/artifacts/table3/fast_batches/S5_d5_rep0601_0700.csv	ea7198cba844fbbdfd7aeb9d924bfc262daad27a863d54a4b45ef27e48b8c28c	simulation_results/paper_fast_matched_c3_20260929_024311/fast_batches/S5_d5_rep0601_0700.csv
paper/artifacts/table3/fast_batches/S5_d5_rep0701_0800.csv	5cf138e689364b479accc17b1f016ace43af394d63598af8e561423767fc6fa3	simulation_results/paper_fast_matched_c3_20260929_024311/fast_batches/S5_d5_rep0701_0800.csv
paper/artifacts/table3/fast_batches/S5_d5_rep0801_0900.csv	fd2817b2ce820634143fbc3cf2bbed25626e39536ae32fdd9a7553d541af8101	simulation_results/paper_fast_matched_c3_20260929_024311/fast_batches/S5_d5_rep0801_0900.csv
paper/artifacts/table3/fast_batches/S5_d5_rep0901_1000.csv	2fefe15fd340e57e9a011989eed752ff4942f8ab7fff92b5d3588b9dd8ef1177	simulation_results/paper_fast_matched_c3_20260929_024311/fast_batches/S5_d5_rep0901_1000.csv
paper/artifacts/table3/fast_batches/S6_d2_rep0001_0334.csv	3b4e81f9b4ab07e69418c1737c4e37ed190b19c0a0c85a5ef567d6756a721052	simulation_results/paper_fast_matched_c3_20260929_024311/fast_batches/S6_d2_rep0001_0334.csv
paper/artifacts/table3/fast_batches/S6_d2_rep0335_0667.csv	c7a3933b7b7bc608b557d7c85767e44b20d692eda614eeaa4d1ce3c646fd61a5	simulation_results/paper_fast_matched_c3_20260929_024311/fast_batches/S6_d2_rep0335_0667.csv
paper/artifacts/table3/fast_batches/S6_d2_rep0668_1000.csv	c95347b188e6fad4e23f631854c40f032264a5fafb8ff5f461e48340e8eb01c4	simulation_results/paper_fast_matched_c3_20260929_024311/fast_batches/S6_d2_rep0668_1000.csv
paper/artifacts/table3/fast_batches/S6_d5_rep0001_0250.csv	cfe7457fccfe8a9182ca2a5853b7f4b64f170ed27989c78cb31457638230f957	simulation_results/paper_fast_matched_c3_20260929_024311/fast_batches/S6_d5_rep0001_0250.csv
paper/artifacts/table3/fast_batches/S6_d5_rep0251_0500.csv	d7bd964c2f9b1bcf04318c6d7efb561c68390a9b9a8e4ed033c34271c501cf5c	simulation_results/paper_fast_matched_c3_20260929_024311/fast_batches/S6_d5_rep0251_0500.csv
paper/artifacts/table3/fast_batches/S6_d5_rep0501_0750.csv	55bf7fa4a7eb50e1e2afc35f23e0a44d520a6c2ff62fe96215fe7549aec4a426	simulation_results/paper_fast_matched_c3_20260929_024311/fast_batches/S6_d5_rep0501_0750.csv
paper/artifacts/table3/fast_batches/S6_d5_rep0751_1000.csv	07478f2b306dae0f9212855efbe0202e53f3ee9a6798f34d1e358f235e7ac022	simulation_results/paper_fast_matched_c3_20260929_024311/fast_batches/S6_d5_rep0751_1000.csv
paper/artifacts/table3/fast_batches/S7_d2_rep0001_0334.csv	f0cf76b42e7f85d5f654ea40ed8160cdab96531ebaf5947a87ff64abe3306363	simulation_results/paper_fast_matched_c3_20260929_024311/fast_batches/S7_d2_rep0001_0334.csv
paper/artifacts/table3/fast_batches/S7_d2_rep0335_0667.csv	a5afd94d2710dbbd0d62ab5a6f75b0e886f8fdc636d06671bdf24e47704180e6	simulation_results/paper_fast_matched_c3_20260929_024311/fast_batches/S7_d2_rep0335_0667.csv
paper/artifacts/table3/fast_batches/S7_d2_rep0668_1000.csv	06809c71132ad2edb3b4a09a85d3b00028a4cb4115f391243701f39c7a6a623f	simulation_results/paper_fast_matched_c3_20260929_024311/fast_batches/S7_d2_rep0668_1000.csv
paper/artifacts/table3/fast_batches/S7_d5_rep0001_0200.csv	c925ad9ce64c489ef75fe5bf9cf4b8be0a1381537b8985c32445b372e8e60615	simulation_results/paper_fast_matched_c3_20260929_024311/fast_batches/S7_d5_rep0001_0200.csv
paper/artifacts/table3/fast_batches/S7_d5_rep0201_0400.csv	cc0cf9f24d62b1860a680c335ae46166e0bc88a124590aee50cff9fe293616ed	simulation_results/paper_fast_matched_c3_20260929_024311/fast_batches/S7_d5_rep0201_0400.csv
paper/artifacts/table3/fast_batches/S7_d5_rep0401_0600.csv	17683889dcaeca726a1625fbe55e07dde1ecb191cb7a52d6480474f0f556de1b	simulation_results/paper_fast_matched_c3_20260929_024311/fast_batches/S7_d5_rep0401_0600.csv
paper/artifacts/table3/fast_batches/S7_d5_rep0601_0800.csv	f16479be4a6bef9afacaa55817d33ad145cd95e2d0ab14c031d1a8624b9bef3b	simulation_results/paper_fast_matched_c3_20260929_024311/fast_batches/S7_d5_rep0601_0800.csv
paper/artifacts/table3/fast_batches/S7_d5_rep0801_1000.csv	c1b2f185e44ffe3dd71c8b828283d2e2de74709365ca64e491fef0ebdc1f7a20	simulation_results/paper_fast_matched_c3_20260929_024311/fast_batches/S7_d5_rep0801_1000.csv
paper/artifacts/table3/fast_batches/S8_d2_rep0001_0334.csv	7144c938e22fb7f3531e6c58760ced692a36e202c6de84ac21eefffe5b6e8c42	simulation_results/paper_fast_matched_c3_20260929_024311/fast_batches/S8_d2_rep0001_0334.csv
paper/artifacts/table3/fast_batches/S8_d2_rep0335_0667.csv	71b05913db07e8e650e9e12ce5ef6930bf318c9be76acdcdf8c8bf2855e4c23a	simulation_results/paper_fast_matched_c3_20260929_024311/fast_batches/S8_d2_rep0335_0667.csv
paper/artifacts/table3/fast_batches/S8_d2_rep0668_1000.csv	c04ca3462854fc491eeaeb8bd7a315860c31252a0d989768ea40ff341b7eca68	simulation_results/paper_fast_matched_c3_20260929_024311/fast_batches/S8_d2_rep0668_1000.csv
paper/artifacts/table3/fast_batches/S8_d5_rep0001_0200.csv	d4e800e7f9c7d02688a71cc25ccb24bf63103e2c992328bbbe94ce56494da2f9	simulation_results/paper_fast_matched_c3_20260929_024311/fast_batches/S8_d5_rep0001_0200.csv
paper/artifacts/table3/fast_batches/S8_d5_rep0201_0400.csv	14ca0b5fd9b0fec098902ba8ee99431575f9d5dd2255bf8e86644959ed4cdf7f	simulation_results/paper_fast_matched_c3_20260929_024311/fast_batches/S8_d5_rep0201_0400.csv
paper/artifacts/table3/fast_batches/S8_d5_rep0401_0600.csv	032c0a728992dfccacb8fa0e7d8b194f4ebfa74399a3b98753d268558e342353	simulation_results/paper_fast_matched_c3_20260929_024311/fast_batches/S8_d5_rep0401_0600.csv
paper/artifacts/table3/fast_batches/S8_d5_rep0601_0800.csv	c4672d904ac3965a280fe3d963a7190f3fb76a67e3e2bc703af2c8f1daa1892b	simulation_results/paper_fast_matched_c3_20260929_024311/fast_batches/S8_d5_rep0601_0800.csv
paper/artifacts/table3/fast_batches/S8_d5_rep0801_1000.csv	2dfb454d4c9c1bf5fa3829cf40267fb229a7a008a1a99d2ee03411d5f87d1a92	simulation_results/paper_fast_matched_c3_20260929_024311/fast_batches/S8_d5_rep0801_1000.csv
paper/artifacts/table3/slow_batches/S1_d2_rep0001_0334.csv	6ef0e222d7feddbba6a631af56242acdb8249ed7bc0dbb47e9b212425aae257c	simulation_results/paper_fast_vs_reestimated_n100_beta0/slow_batches/S1_d2_rep0001_0334.csv
paper/artifacts/table3/slow_batches/S1_d2_rep0126_0126.csv	4340a89ff6664b9e6b421981f6d4a280d0c94e71a264155dda2f2d64813f49ca	simulation_results/paper_fast_vs_reestimated_n100_beta0/slow_batches/S1_d2_rep0126_0126.csv
paper/artifacts/table3/slow_batches/S1_d2_rep0335_0667.csv	5707554ee6e29e7dec259911a8f57a3a6af0949c06bfa4cbda89a28b25cd87b1	simulation_results/paper_fast_vs_reestimated_n100_beta0/slow_batches/S1_d2_rep0335_0667.csv
paper/artifacts/table3/slow_batches/S1_d2_rep0668_1000.csv	350a5275da31191f050cc45431ae87a0b5e8c8c4a5e91a1d1ad3cd22dd0454b1	simulation_results/paper_fast_vs_reestimated_n100_beta0/slow_batches/S1_d2_rep0668_1000.csv
paper/artifacts/table3/slow_batches/S1_d5_rep0001_0334.csv	15625b3e6c83ca6e80674dc9b1d06db951d3efed57460f14fc30596fb302376a	simulation_results/paper_fast_vs_reestimated_n100_beta0/slow_batches/S1_d5_rep0001_0334.csv
paper/artifacts/table3/slow_batches/S1_d5_rep0070_0070.csv	1b28a5f25e06fe3d7d8e557fa664457de82df725a157c94af6c73dcd41c7a9f7	simulation_results/paper_fast_vs_reestimated_n100_beta0/slow_batches/S1_d5_rep0070_0070.csv
paper/artifacts/table3/slow_batches/S1_d5_rep0335_0667.csv	f097304ce273e8bc63a4b5d390f0a28b0ba9559a9a50e1d84822d2b19f66efdf	simulation_results/paper_fast_vs_reestimated_n100_beta0/slow_batches/S1_d5_rep0335_0667.csv
paper/artifacts/table3/slow_batches/S1_d5_rep0668_1000.csv	17ec8a8bc13f56d2ca16e06869d939781a44d265663aec3bc1846600f15e6cfc	simulation_results/paper_fast_vs_reestimated_n100_beta0/slow_batches/S1_d5_rep0668_1000.csv
paper/artifacts/table3/slow_batches/S2_d2_rep0001_1000.csv	9eb4878712949d6094bc0916051c8e0906fc309acc57e2f14afb55e5984dbdb4	simulation_results/paper_fast_vs_reestimated_n100_beta0/slow_batches/S2_d2_rep0001_1000.csv
paper/artifacts/table3/slow_batches/S2_d5_rep0001_1000.csv	4b1a5bdf29f6d0b5a76c4736a452e3c46a25f6b7ffaed7960e0ee0df7d030fd4	simulation_results/paper_fast_vs_reestimated_n100_beta0/slow_batches/S2_d5_rep0001_1000.csv
paper/artifacts/table3/slow_batches/S3_d2_rep0001_1000.csv	063e0be6fd7873a5b03bd3074ee895195c4d6e4b9ba0ed0db7179ab3c8e2df84	simulation_results/paper_fast_vs_reestimated_n100_beta0/slow_batches/S3_d2_rep0001_1000.csv
paper/artifacts/table3/slow_batches/S3_d5_rep0001_1000.csv	61b7dbaed345078461bc0e108eff214c8f4e9266cc80828dc38757881b219aed	simulation_results/paper_fast_vs_reestimated_n100_beta0/slow_batches/S3_d5_rep0001_1000.csv
paper/artifacts/table3/slow_batches/S4_d2_rep0001_0334.csv	50746a9d2e274f4e34957d88f16675dffcef6d572a4de375bdb600657e255aa5	simulation_results/paper_fast_vs_reestimated_n100_beta0/slow_batches/S4_d2_rep0001_0334.csv
paper/artifacts/table3/slow_batches/S4_d2_rep0335_0667.csv	6ecf62d9eef38cbf12d0835ad2457a8b487885324aa3041f4407902aa80af221	simulation_results/paper_fast_vs_reestimated_n100_beta0/slow_batches/S4_d2_rep0335_0667.csv
paper/artifacts/table3/slow_batches/S4_d2_rep0668_1000.csv	e7b0ed176a9ed5da245b3db5c21298f5522bc9c7cb4bb7f4a3c61f3aa22a730f	simulation_results/paper_fast_vs_reestimated_n100_beta0/slow_batches/S4_d2_rep0668_1000.csv
paper/artifacts/table3/slow_batches/S4_d5_rep0001_0334.csv	694a0058342d9a0e02ffd605c9464d746270478571d4b66a3d59d6d97fb462be	simulation_results/paper_fast_vs_reestimated_n100_beta0/slow_batches/S4_d5_rep0001_0334.csv
paper/artifacts/table3/slow_batches/S4_d5_rep0335_0667.csv	569af175fcda1bdea5a47e2ff43ff4c61a548e1514f26d1f97de1fb76ca188db	simulation_results/paper_fast_vs_reestimated_n100_beta0/slow_batches/S4_d5_rep0335_0667.csv
paper/artifacts/table3/slow_batches/S4_d5_rep0668_1000.csv	a85a490243a8b1759140c629f2b1b76d7af5f04caff95cc33b16f953d29a1bde	simulation_results/paper_fast_vs_reestimated_n100_beta0/slow_batches/S4_d5_rep0668_1000.csv
paper/artifacts/table3/slow_batches/S5_d2_rep0001_0334.csv	c933e5807fef363874376358f809943b5d1a82584701636dc0d1fd83f53bb7f7	simulation_results/paper_fast_vs_reestimated_n100_beta0/slow_batches/S5_d2_rep0001_0334.csv
paper/artifacts/table3/slow_batches/S5_d2_rep0335_0667.csv	e3b7b5094c9f855aef05c1742a604beb443af67b3a85c858af4f46ecddb56214	simulation_results/paper_fast_vs_reestimated_n100_beta0/slow_batches/S5_d2_rep0335_0667.csv
paper/artifacts/table3/slow_batches/S5_d2_rep0668_1000.csv	dc273d231479e81904960547f42dd79d468a6145b605ba68acffbf95d36e6c32	simulation_results/paper_fast_vs_reestimated_n100_beta0/slow_batches/S5_d2_rep0668_1000.csv
paper/artifacts/table3/slow_batches/S5_d5_rep0001_0100.csv	c451bedb12ae96af3016951d2ae45bc3b90bbf371d1c73cc2c3d4bb57ea952a8	simulation_results/paper_fast_vs_reestimated_n100_beta0/slow_batches/S5_d5_rep0001_0100.csv
paper/artifacts/table3/slow_batches/S5_d5_rep0101_0200.csv	fe3aad73ffc4eff2fde6c15062138dbc52241609bfa92d7509a187a192665217	simulation_results/paper_fast_vs_reestimated_n100_beta0/slow_batches/S5_d5_rep0101_0200.csv
paper/artifacts/table3/slow_batches/S5_d5_rep0201_0300.csv	09ec4c9cc6bca64aefc8e4c2f0d4516b5e841e3dfd560de91cd78c2301da2be2	simulation_results/paper_fast_vs_reestimated_n100_beta0/slow_batches/S5_d5_rep0201_0300.csv
paper/artifacts/table3/slow_batches/S5_d5_rep0301_0400.csv	72fcb7408668ebbd52ed1c3bdae2b8aa463783aa1f5993a42c15921b49851342	simulation_results/paper_fast_vs_reestimated_n100_beta0/slow_batches/S5_d5_rep0301_0400.csv
paper/artifacts/table3/slow_batches/S5_d5_rep0401_0500.csv	70139976eb1e74eba943d61c24b9b23ee764913e30027e91b0485e18fd961e77	simulation_results/paper_fast_vs_reestimated_n100_beta0/slow_batches/S5_d5_rep0401_0500.csv
paper/artifacts/table3/slow_batches/S5_d5_rep0501_0600.csv	3575c4da9926d89026d006bdda71ede7793fa4e19ea134b3ea10a135317e75e2	simulation_results/paper_fast_vs_reestimated_n100_beta0/slow_batches/S5_d5_rep0501_0600.csv
paper/artifacts/table3/slow_batches/S5_d5_rep0601_0700.csv	4c94c72f4a3accaaab1caf369df6a8e5d0b6c2b489c8cf974ca58843ce0e92e9	simulation_results/paper_fast_vs_reestimated_n100_beta0/slow_batches/S5_d5_rep0601_0700.csv
paper/artifacts/table3/slow_batches/S5_d5_rep0701_0800.csv	74c2c7ceff4bbb0df9382c67fd7d8e14f25527cfbcab262d736bcdc3065cbe15	simulation_results/paper_fast_vs_reestimated_n100_beta0/slow_batches/S5_d5_rep0701_0800.csv
paper/artifacts/table3/slow_batches/S5_d5_rep0801_0900.csv	261c6be578e98fa2446486118ce095da5c2fefa18d9e7224580d27e4fd85fd1d	simulation_results/paper_fast_vs_reestimated_n100_beta0/slow_batches/S5_d5_rep0801_0900.csv
paper/artifacts/table3/slow_batches/S5_d5_rep0901_1000.csv	c85effa28cceb27637ee5503a6686e3597d1fd56425c4c537a656913c5c05faa	simulation_results/paper_fast_vs_reestimated_n100_beta0/slow_batches/S5_d5_rep0901_1000.csv
paper/artifacts/table3/slow_batches/S6_d2_rep0001_0334.csv	024cabddebed3af578398b1cf2b1bb85f71d98999e2f08b6804e5855044923ba	simulation_results/paper_fast_vs_reestimated_n100_beta0/slow_batches/S6_d2_rep0001_0334.csv
paper/artifacts/table3/slow_batches/S6_d2_rep0335_0667.csv	f8a5b2ec5b49e5ea86fe84a7e3fdfa784c5a57eba40519845c6a2d9e0f8e6aa8	simulation_results/paper_fast_vs_reestimated_n100_beta0/slow_batches/S6_d2_rep0335_0667.csv
paper/artifacts/table3/slow_batches/S6_d2_rep0668_1000.csv	044197a937509d3e8569ad37eecfc7c878b6542c41bce1545b2283cc06808898	simulation_results/paper_fast_vs_reestimated_n100_beta0/slow_batches/S6_d2_rep0668_1000.csv
paper/artifacts/table3/slow_batches/S6_d5_rep0001_0230.csv	4e64f39b1f3723065312da63fce9b6ed6080532cb1af69278327322d506dc64a	simulation_results/paper_fast_vs_reestimated_n100_beta0/slow_batches/S6_d5_rep0001_0230.csv
paper/artifacts/table3/slow_batches/S6_d5_rep0231_0460.csv	10e2418b3587d999ecf7e0f09dc887edafbc4b0230cb3383fb3c973f5d27ae4d	simulation_results/paper_fast_vs_reestimated_n100_beta0/slow_batches/S6_d5_rep0231_0460.csv
paper/artifacts/table3/slow_batches/S6_d5_rep0461_0690.csv	e0adcb4ae5fef87cc102332251dd6cc4728d2497f18355b6358e716b47e8289a	simulation_results/paper_fast_vs_reestimated_n100_beta0/slow_batches/S6_d5_rep0461_0690.csv
paper/artifacts/table3/slow_batches/S6_d5_rep0691_0920.csv	26b59f4da581e603a23bc439da6e1c8fb5bcc5b3cbff222d45dc110209e897ae	simulation_results/paper_fast_vs_reestimated_n100_beta0/slow_batches/S6_d5_rep0691_0920.csv
paper/artifacts/table3/slow_batches/S6_d5_rep0921_1000.csv	c7f83a02ea61daca7f4a98c06ac09e808cb51987a0a37a223c51886a7e2797d7	simulation_results/paper_fast_vs_reestimated_n100_beta0/slow_batches/S6_d5_rep0921_1000.csv
paper/artifacts/table3/slow_batches/S7_d2_rep0001_0211.csv	6c63b2819b4819545596f67ece1b2f4f439ce664412edf90e149041da0d21b94	simulation_results/paper_fast_vs_reestimated_n100_beta0/slow_batches/S7_d2_rep0001_0211.csv
paper/artifacts/table3/slow_batches/S7_d2_rep0212_0422.csv	aae9280e5c4e3ee02415e05eb5fe1194cc6b99020a3bbf4adce2da0b9d1250b8	simulation_results/paper_fast_vs_reestimated_n100_beta0/slow_batches/S7_d2_rep0212_0422.csv
paper/artifacts/table3/slow_batches/S7_d2_rep0423_0633.csv	1a792d1665d937bf75d7c90aff9bae31940cf58214c9d24560101a6b52b5ba75	simulation_results/paper_fast_vs_reestimated_n100_beta0/slow_batches/S7_d2_rep0423_0633.csv
paper/artifacts/table3/slow_batches/S7_d2_rep0634_0844.csv	c417e970c353d8ced0fe446a67bad5a717f9be62cb9b46b6fa2e8154aed80f4f	simulation_results/paper_fast_vs_reestimated_n100_beta0/slow_batches/S7_d2_rep0634_0844.csv
paper/artifacts/table3/slow_batches/S7_d2_rep0845_1000.csv	2a3b93ffb9cfbefbe3e5aacda1612119819dd2aa6a61644ecfdd503b1dc0f40a	simulation_results/paper_fast_vs_reestimated_n100_beta0/slow_batches/S7_d2_rep0845_1000.csv
paper/artifacts/table3/slow_batches/S7_d5_rep0001_0127.csv	f2cf4e698291b30c9c723552f894cd5e063413b91f4714cca4d10277d97ffdea	simulation_results/paper_fast_vs_reestimated_n100_beta0/slow_batches/S7_d5_rep0001_0127.csv
paper/artifacts/table3/slow_batches/S7_d5_rep0128_0254.csv	362e594f3ae0e675a0a9717733f40777478ba5ecd256446a9aaef836aec9f4ff	simulation_results/paper_fast_vs_reestimated_n100_beta0/slow_batches/S7_d5_rep0128_0254.csv
paper/artifacts/table3/slow_batches/S7_d5_rep0255_0381.csv	93a27514ad1dd5fd28f22a26f5add497d5006cc53e1114305caa8cb5c5e9154f	simulation_results/paper_fast_vs_reestimated_n100_beta0/slow_batches/S7_d5_rep0255_0381.csv
paper/artifacts/table3/slow_batches/S7_d5_rep0382_0508.csv	3648be06f7d8bc7abebef16c8c7f9f4ec2cebeda4d8369ac21f7ef4264d99951	simulation_results/paper_fast_vs_reestimated_n100_beta0/slow_batches/S7_d5_rep0382_0508.csv
paper/artifacts/table3/slow_batches/S7_d5_rep0509_0635.csv	5c49ca5c816d04fb8a590cfc6d4a231c86d40ca39a8355b24539c06f0f2dc2a9	simulation_results/paper_fast_vs_reestimated_n100_beta0/slow_batches/S7_d5_rep0509_0635.csv
paper/artifacts/table3/slow_batches/S7_d5_rep0636_0762.csv	8a78da8fe7a22124795cfef90346a169921bc7bc28c2e969fecc0fdfdf11b9ed	simulation_results/paper_fast_vs_reestimated_n100_beta0/slow_batches/S7_d5_rep0636_0762.csv
paper/artifacts/table3/slow_batches/S7_d5_rep0763_0889.csv	3df72ab0efcc408ebafcf07fc8e2380c84e6ce0b437bf1178b5b2493f161ba90	simulation_results/paper_fast_vs_reestimated_n100_beta0/slow_batches/S7_d5_rep0763_0889.csv
paper/artifacts/table3/slow_batches/S7_d5_rep0890_1000.csv	0c425ad8f07e8b80a351d70c5e14de5532d100bd9babab37750e84a01a4c88cf	simulation_results/paper_fast_vs_reestimated_n100_beta0/slow_batches/S7_d5_rep0890_1000.csv
paper/artifacts/table3/slow_batches/S8_d2_rep0001_0212.csv	0ae703f3b7c7131f22cbc5f9ecff173f3893972f88736b8281c7ece3b58d9849	simulation_results/paper_fast_vs_reestimated_n100_beta0/slow_batches/S8_d2_rep0001_0212.csv
paper/artifacts/table3/slow_batches/S8_d2_rep0213_0424.csv	4856833cc9dcbbb6a6dfb52b8580c59b609de8fc077a7d018ef7145e74127bae	simulation_results/paper_fast_vs_reestimated_n100_beta0/slow_batches/S8_d2_rep0213_0424.csv
paper/artifacts/table3/slow_batches/S8_d2_rep0425_0636.csv	ccc84675c85da37b99b0e14255403fa022bc2fea29f13f90b22d7ec4caff92ed	simulation_results/paper_fast_vs_reestimated_n100_beta0/slow_batches/S8_d2_rep0425_0636.csv
paper/artifacts/table3/slow_batches/S8_d2_rep0637_0848.csv	cbeda56922ee3d6576601d40a024d5ff586dca93ee56d28348cf0ccd36d0c234	simulation_results/paper_fast_vs_reestimated_n100_beta0/slow_batches/S8_d2_rep0637_0848.csv
paper/artifacts/table3/slow_batches/S8_d2_rep0849_1000.csv	05773df3ddf3b4249ab1c3cb933e8cec5cc532ca8b83ffdb130af15d63805ada	simulation_results/paper_fast_vs_reestimated_n100_beta0/slow_batches/S8_d2_rep0849_1000.csv
paper/artifacts/table3/slow_batches/S8_d5_rep0001_0126.csv	16fff9b241ca09460ac774592da04ec575a2aaa611a52d04ce904bff0e3d81f6	simulation_results/paper_fast_vs_reestimated_n100_beta0/slow_batches/S8_d5_rep0001_0126.csv
paper/artifacts/table3/slow_batches/S8_d5_rep0127_0252.csv	ea1a328695ebe6fe36946c53e897bf4a4621a576c85597a91beb0d679e186add	simulation_results/paper_fast_vs_reestimated_n100_beta0/slow_batches/S8_d5_rep0127_0252.csv
paper/artifacts/table3/slow_batches/S8_d5_rep0253_0378.csv	bb1aa75baf0a9cefe6afba5175faa3f1981356f702d24665de551179e2b27cb0	simulation_results/paper_fast_vs_reestimated_n100_beta0/slow_batches/S8_d5_rep0253_0378.csv
paper/artifacts/table3/slow_batches/S8_d5_rep0379_0504.csv	8197476a2f2f3cf5853e6f8b403714dfd6debf144c1768b246553727cbe61bd4	simulation_results/paper_fast_vs_reestimated_n100_beta0/slow_batches/S8_d5_rep0379_0504.csv
paper/artifacts/table3/slow_batches/S8_d5_rep0505_0630.csv	8a73dcc0119f38bfd959bd2bb831a9faa4390bb5736eed445605b9ef7d0cc288	simulation_results/paper_fast_vs_reestimated_n100_beta0/slow_batches/S8_d5_rep0505_0630.csv
paper/artifacts/table3/slow_batches/S8_d5_rep0631_0756.csv	28695df25e6b4295dd0dfc3ac556ed4d393b16f962e2571f2c149a125d56674a	simulation_results/paper_fast_vs_reestimated_n100_beta0/slow_batches/S8_d5_rep0631_0756.csv
paper/artifacts/table3/slow_batches/S8_d5_rep0757_0882.csv	e147987b7700a53f89967864c8f49521af2ba5fda09a5932c34afbcd8aa52d38	simulation_results/paper_fast_vs_reestimated_n100_beta0/slow_batches/S8_d5_rep0757_0882.csv
paper/artifacts/table3/slow_batches/S8_d5_rep0883_1000.csv	b9c98e2328ed0a7a835de2903ca62978f95982fb3f88949f651ec4b5aab8e934	simulation_results/paper_fast_vs_reestimated_n100_beta0/slow_batches/S8_d5_rep0883_1000.csv
