scenario	d	rep_start	rep_end	n_pending	estimated_s_rep	expected_minutes	walltime	mem_mb
S7	2	1	211	211	816.516	190.52	03:59:00	2040
S7	2	212	422	211	816.516	190.52	03:59:00	2040
S7	2	423	633	211	816.516	190.52	03:59:00	2040
S7	2	634	844	211	816.516	190.52	03:59:00	2040
S8	2	1	212	212	812.581	189.60	03:58:00	2040
S8	2	213	424	212	812.581	189.60	03:58:00	2040
S8	2	425	636	212	812.581	189.60	03:58:00	2040
S8	2	637	848	212	812.581	189.60	03:58:00	2040
S6	5	1	230	230	750.676	187.67	03:55:00	2060
S6	5	231	460	230	750.676	187.67	03:55:00	2060
S6	5	461	690	230	750.676	187.67	03:55:00	2060
S6	5	691	920	230	750.676	187.67	03:55:00	2060
S8	5	1	126	126	1367.570	182.34	03:48:00	2090
S8	5	127	252	126	1367.570	182.34	03:48:00	2090
S8	5	253	378	126	1367.570	182.34	03:48:00	2090
S8	5	379	504	126	1367.570	182.34	03:48:00	2090
S8	5	505	630	126	1367.570	182.34	03:48:00	2090
S8	5	631	756	126	1367.570	182.34	03:48:00	2090
S8	5	757	882	126	1367.570	182.34	03:48:00	2090
S8	5	883	1000	118	1367.570	182.34	03:48:00	2090
S7	5	1	127	127	1355.190	180.69	03:46:00	2090
S7	5	128	254	127	1355.190	180.69	03:46:00	2090
S7	5	255	381	127	1355.190	180.69	03:46:00	2090
S7	5	382	508	127	1355.190	180.69	03:46:00	2090
S7	5	509	635	127	1355.190	180.69	03:46:00	2090
S7	5	636	762	127	1355.190	180.69	03:46:00	2090
S7	5	763	889	127	1355.190	180.69	03:46:00	2090
S7	5	890	1000	111	1355.190	158.11	03:18:00	2090
S7	2	845	1000	156	816.516	136.09	02:51:00	2040
S8	2	849	1000	152	812.581	135.43	02:50:00	2040
S5	5	1	100	36	2489.197	124.46	02:36:00	2120
S5	5	101	200	36	2489.197	124.46	02:36:00	2120
S5	5	201	300	36	2489.197	124.46	02:36:00	2120
S5	5	301	400	36	2489.197	124.46	02:36:00	2120
S5	5	401	500	36	2489.197	124.46	02:36:00	2120
S5	5	501	600	36	2489.197	124.46	02:36:00	2120
S5	5	601	700	36	2489.197	124.46	02:36:00	2120
S5	5	701	800	36	2489.197	124.46	02:36:00	2120
S5	5	801	900	36	2489.197	124.46	02:36:00	2120
S5	5	901	1000	36	2489.197	124.46	02:36:00	2120
S1	2	1	334	127	842.643	112.35	02:21:00	1960
S1	2	335	667	125	842.643	112.35	02:21:00	1960
S1	2	668	1000	125	842.643	112.35	02:21:00	1960
S1	5	1	334	111	839.644	97.96	02:03:00	1990
S1	5	335	667	109	839.644	97.96	02:03:00	1990
S1	5	668	1000	109	839.644	97.96	02:03:00	1990
S4	5	1	334	110	810.472	94.56	01:59:00	1930
S4	5	335	667	109	810.472	94.56	01:59:00	1930
S4	5	668	1000	109	810.472	94.56	01:59:00	1930
S2	2	1	1000	440	198.638	92.70	01:56:00	2020
S4	2	1	334	110	780.907	91.11	01:54:00	1930
S4	2	335	667	109	780.907	91.11	01:54:00	1930
S4	2	668	1000	109	780.907	91.11	01:54:00	1930
S3	2	1	1000	424	199.474	89.76	01:53:00	2020
S3	5	1	1000	376	217.337	86.93	01:49:00	2020
S2	5	1	1000	360	217.685	83.45	01:45:00	2020
S6	5	921	1000	80	750.676	62.56	01:19:00	2060
S6	2	1	334	30	554.365	18.48	00:24:00	2030
S6	2	335	667	29	554.365	18.48	00:24:00	2030
S6	2	668	1000	29	554.365	18.48	00:24:00	2030
S5	2	1	334	30	543.493	18.12	00:23:00	2070
S5	2	335	667	13	543.493	9.06	00:12:00	2070
S5	2	668	1000	13	543.493	9.06	00:12:00	2070
