scenario	d	batch	rep_start	rep_end	jobid	lane
S1	2	1	1	334	31838	0
S1	2	2	335	667	31839	1
S1	2	3	668	1000	31840	2
S1	5	1	1	334	31841	3
S1	5	2	335	667	31842	4
S1	5	3	668	1000	31843	5
S2	2	1	1	1000	31844	6
S2	5	1	1	1000	31845	7
S3	2	1	1	1000	31846	8
S3	5	1	1	1000	31847	9
S4	2	1	1	334	31848	10
S4	2	2	335	667	31849	11
S4	2	3	668	1000	31850	12
S4	5	1	1	334	31851	13
S4	5	2	335	667	31852	14
S4	5	3	668	1000	31853	15
S5	2	1	1	334	31854	16
S5	2	2	335	667	31855	17
S5	2	3	668	1000	31856	18
S5	5	1	1	100	31857	19
S5	5	2	101	200	31858	20
S5	5	3	201	300	31859	21
S5	5	4	301	400	31860	22
S5	5	5	401	500	31861	23
S5	5	6	501	600	31862	24
S5	5	7	601	700	31863	25
S5	5	8	701	800	31864	26
S5	5	9	801	900	31865	27
S5	5	10	901	1000	31866	28
S6	2	1	1	334	31867	29
S6	2	2	335	667	31868	30
S6	2	3	668	1000	31869	31
S6	5	1	1	250	31870	0
S6	5	2	251	500	31871	1
S6	5	3	501	750	31872	2
S6	5	4	751	1000	31873	3
S7	2	1	1	334	31874	4
S7	2	2	335	667	31875	5
S7	2	3	668	1000	31876	6
S7	5	1	1	200	31877	7
S7	5	2	201	400	31878	8
S7	5	3	401	600	31879	9
S7	5	4	601	800	31880	10
S7	5	5	801	1000	31881	11
S8	2	1	1	334	31882	12
S8	2	2	335	667	31883	13
S8	2	3	668	1000	31884	14
S8	5	1	1	200	31885	15
S8	5	2	201	400	31886	16
S8	5	3	401	600	31887	17
S8	5	4	601	800	31888	18
S8	5	5	801	1000	31889	19
