scenario	d	rep_start	rep_end	jobid	lane
S7	2	1	211	32145	0
S7	2	212	422	32146	1
S7	2	423	633	32147	2
S7	2	634	844	32148	3
S8	2	1	212	32149	4
S8	2	213	424	32150	5
S8	2	425	636	32151	6
S8	2	637	848	32152	7
S6	5	1	230	32153	8
S6	5	231	460	32154	9
S6	5	461	690	32155	10
S6	5	691	920	32156	11
S8	5	1	126	32157	12
S8	5	127	252	32158	13
S8	5	253	378	32159	14
S8	5	379	504	32160	15
S8	5	505	630	32161	16
S8	5	631	756	32162	17
S8	5	757	882	32163	18
S8	5	883	1000	32164	19
S7	5	1	127	32165	20
S7	5	128	254	32166	21
S7	5	255	381	32167	22
S7	5	382	508	32168	23
S7	5	509	635	32169	24
S7	5	636	762	32170	25
S7	5	763	889	32171	26
S7	5	890	1000	32172	27
S7	2	845	1000	32173	28
S8	2	849	1000	32174	29
S5	5	1	100	32175	30
S5	5	101	200	32176	31
S5	5	201	300	32177	0
S5	5	301	400	32178	1
S5	5	401	500	32179	2
S5	5	501	600	32180	3
S5	5	601	700	32181	4
S5	5	701	800	32182	5
S5	5	801	900	32183	6
S5	5	901	1000	32184	7
S1	2	1	334	32185	8
S1	2	335	667	32186	9
S1	2	668	1000	32187	10
S1	5	1	334	32188	11
S1	5	335	667	32189	12
S1	5	668	1000	32190	13
S4	5	1	334	32191	14
S4	5	335	667	32192	15
S4	5	668	1000	32193	16
S2	2	1	1000	32194	17
S4	2	1	334	32195	18
S4	2	335	667	32196	19
S4	2	668	1000	32197	20
S3	2	1	1000	32198	21
S3	5	1	1000	32199	22
S2	5	1	1000	32200	23
S6	5	921	1000	32201	24
S6	2	1	334	32202	25
S6	2	335	667	32203	26
S6	2	668	1000	32204	27
S5	2	1	334	32205	28
S5	2	335	667	32206	29
S5	2	668	1000	32207	30
