scenario,d,n,beta,replications,ks_rejection_percent,cvm_rejection_percent,median_elapsed_seconds,source
S1,2,100,0,1000,5.8,6.0,846.3669999999995,paper/artifacts/table3/slow_batches/*.csv
S1,5,100,0,1000,6.6,5.4,858.035,paper/artifacts/table3/slow_batches/*.csv
S2,2,100,0,1000,6.2,5.8,198.1280000000005,paper/artifacts/table3/slow_batches/*.csv
S2,5,100,0,1000,4.6,1.7,220.913,paper/artifacts/table3/slow_batches/*.csv
S3,2,100,0,1000,4.3,4.7,198.453,paper/artifacts/table3/slow_batches/*.csv
S3,5,100,0,1000,6.1,6.4,219.694,paper/artifacts/table3/slow_batches/*.csv
S4,2,100,0,1000,5.5,7.1,793.386,paper/artifacts/table3/slow_batches/*.csv
S4,5,100,0,1000,3.6,5.4,810.5194999999994,paper/artifacts/table3/slow_batches/*.csv
S5,2,100,0,1000,5.0,5.8,544.4209999999996,paper/artifacts/table3/slow_batches/*.csv
S5,5,100,0,1000,5.5,5.9,2490.1415,paper/artifacts/table3/slow_batches/*.csv
S6,2,100,0,1000,6.1,5.3,553.9425000000015,paper/artifacts/table3/slow_batches/*.csv
S6,5,100,0,1000,6.1,1.9,733.6675,paper/artifacts/table3/slow_batches/*.csv
S7,2,100,0,1000,5.8,4.8,575.019,paper/artifacts/table3/slow_batches/*.csv
S7,5,100,0,1000,6.8,3.0,1149.374,paper/artifacts/table3/slow_batches/*.csv
S8,2,100,0,1000,6.4,5.6,583.7280000000001,paper/artifacts/table3/slow_batches/*.csv
S8,5,100,0,1000,7.5,2.5,1154.2965,paper/artifacts/table3/slow_batches/*.csv
