scenario	d	batch	rep_start	rep_end	n_reps	expected_minutes	walltime	mem_mb
S1	2	1	1	334	334	156.444	03:16:00	1960
S1	2	2	335	667	333	155.976	03:15:00	1960
S1	2	3	668	1000	333	155.976	03:15:00	1960
S1	5	1	1	334	334	165.604	03:28:00	1990
S1	5	2	335	667	333	165.108	03:27:00	1990
S1	5	3	668	1000	333	165.108	03:27:00	1990
S2	2	1	1	1000	1000	95.015	01:59:00	2020
S2	5	1	1	1000	1000	117.022	02:27:00	2020
S3	2	1	1	1000	1000	97.248	02:02:00	2020
S3	5	1	1	1000	1000	116.332	02:26:00	2020
S4	2	1	1	334	334	153.403	03:12:00	1930
S4	2	2	335	667	333	152.944	03:12:00	1930
S4	2	3	668	1000	333	152.944	03:12:00	1930
S4	5	1	1	334	334	154.807	03:14:00	1930
S4	5	2	335	667	333	154.343	03:13:00	1930
S4	5	3	668	1000	333	154.343	03:13:00	1930
S5	2	1	1	334	334	147.677	03:05:00	2070
S5	2	2	335	667	333	147.235	03:05:00	2070
S5	2	3	668	1000	333	147.235	03:05:00	2070
S5	5	1	1	100	100	156.531	03:16:00	2120
S5	5	2	101	200	100	156.531	03:16:00	2120
S5	5	3	201	300	100	156.531	03:16:00	2120
S5	5	4	301	400	100	156.531	03:16:00	2120
S5	5	5	401	500	100	156.531	03:16:00	2120
S5	5	6	501	600	100	156.531	03:16:00	2120
S5	5	7	601	700	100	156.531	03:16:00	2120
S5	5	8	701	800	100	156.531	03:16:00	2120
S5	5	9	801	900	100	156.531	03:16:00	2120
S5	5	10	901	1000	100	156.531	03:16:00	2120
S6	2	1	1	334	334	147.312	03:05:00	2030
S6	2	2	335	667	333	146.871	03:04:00	2030
S6	2	3	668	1000	333	146.871	03:04:00	2030
S6	5	1	1	250	250	149.310	03:07:00	2060
S6	5	2	251	500	250	149.310	03:07:00	2060
S6	5	3	501	750	250	149.310	03:07:00	2060
S6	5	4	751	1000	250	149.310	03:07:00	2060
S7	2	1	1	334	334	155.961	03:15:00	2040
S7	2	2	335	667	333	155.494	03:15:00	2040
S7	2	3	668	1000	333	155.494	03:15:00	2040
S7	5	1	1	200	200	155.001	03:14:00	2090
S7	5	2	201	400	200	155.001	03:14:00	2090
S7	5	3	401	600	200	155.001	03:14:00	2090
S7	5	4	601	800	200	155.001	03:14:00	2090
S7	5	5	801	1000	200	155.001	03:14:00	2090
S8	2	1	1	334	334	155.209	03:15:00	2040
S8	2	2	335	667	333	154.745	03:14:00	2040
S8	2	3	668	1000	333	154.745	03:14:00	2040
S8	5	1	1	200	200	156.417	03:16:00	2090
S8	5	2	201	400	200	156.417	03:16:00	2090
S8	5	3	401	600	200	156.417	03:16:00	2090
S8	5	4	601	800	200	156.417	03:16:00	2090
S8	5	5	801	1000	200	156.417	03:16:00	2090
