scenario	d	rep_start	rep_end	jobid
S5	5	201	300	32289
S5	5	301	400	32290
S5	5	401	500	32291
S5	5	501	600	32292
S5	5	601	700	32293
S5	5	701	800	32294
S5	5	801	900	32295
S5	5	901	1000	32296
S1	2	1	334	32297
S1	2	335	667	32298
S1	2	668	1000	32299
S1	5	1	334	32300
S1	5	335	667	32301
S1	5	668	1000	32302
S4	5	1	334	32303
S4	5	335	667	32304
S4	5	668	1000	32305
S2	2	1	1000	32306
S4	2	1	334	32307
S4	2	335	667	32308
S4	2	668	1000	32309
S3	2	1	1000	32310
S3	5	1	1000	32311
S2	5	1	1000	32312
S6	2	1	334	32313
S6	2	335	667	32314
S6	2	668	1000	32315
