mode	kind	label	tex_line	asset	asset_exists	producer_candidate
main	figure	fig:s1_limit_process_visualization	784	img/limit_gaussian_s1_exact_kappa2_angles16_t200_rainbow_right.png	true	convergence_empirical_process/gaussian_process_s1_visualization.R
main	figure	fig:s1_limit_process_visualization	789	img/limit_gaussian_s1_exact_kappa2_angles16_t200_rainbow_left.png	true	convergence_empirical_process/gaussian_process_s1_visualization.R
main	table	tab:simulation_scenarios	2141			
main	table	tab:empirical_null_calibration	2223			
main	table	tab:bootstrap_procedure_comparison	2261			
main	table	tab:sunspots_cycle23_temporal_models	2482			
main	figure	fig:sunspots_cycle23_spatial_windows	2489	img/cycle23_joint_spatial_window_01_hdr_bands.pdf	true	scripts/plot_spherical_parametric_hdr_bands.R
main	figure	fig:sunspots_cycle23_spatial_windows	2494	img/cycle23_joint_spatial_window_02_hdr_bands.pdf	true	scripts/plot_spherical_parametric_hdr_bands.R
main	figure	fig:sunspots_cycle23_spatial_windows	2499	img/cycle23_joint_spatial_window_03_hdr_bands.pdf	true	scripts/plot_spherical_parametric_hdr_bands.R
main	figure	fig:sunspots_cycle23_spatial_windows	2504	img/cycle23_joint_spatial_window_04_hdr_bands.pdf	true	scripts/plot_spherical_parametric_hdr_bands.R
main	figure	fig:sunspots_cycle23_spatial_windows	2509	img/cycle23_joint_spatial_window_05_hdr_bands.pdf	true	scripts/plot_spherical_parametric_hdr_bands.R
main	table	tab:comets-gof	2556			
main	table	tab:risoe-wind-gof	2582			
main	figure	fig:risoe-wind-densities	2597	img/risoe_nov_dec_jan_77m_start4_parametric_r_density.pdf	true	real_data/wind/plot_risoe_extended_r_density_panels.R
main	figure	fig:risoe-wind-densities	2603	img/risoe_nov_dec_jan_77m_start4_nonparametric_r_density.pdf	true	real_data/wind/plot_risoe_extended_r_density_panels.R
main	figure	fig:risoe-wind-densities	2609	img/risoe_may_jun_jul_77m_start4_parametric_r_density.pdf	true	real_data/wind/plot_risoe_extended_r_density_panels.R
main	figure	fig:risoe-wind-densities	2615	img/risoe_may_jun_jul_77m_start4_nonparametric_r_density.pdf	true	real_data/wind/plot_risoe_extended_r_density_panels.R
main	table	tab:logistic-gaussian-real-data	2690			
main	figure	fig:logistic-gaussian-simplex-d3	2698	img/arcticlake_simplex_logistic_gaussian_contours.pdf	true	scripts/run_sediments_simplex_contours.R
main	figure	fig:logistic-gaussian-simplex-d3	2703	img/sediments_simplex_logistic_gaussian_contours.pdf	true	scripts/run_sediments_simplex_contours.R
main	figure	fig:logistic-gaussian-simplex-d3	2708	img/pogojump_simplex_logistic_gaussian_contours.pdf	true	scripts/run_sediments_simplex_contours.R
main	figure	fig:logistic-gaussian-simplex-d3	2713	img/whitecells_microscopic_simplex_logistic_gaussian_contours.pdf	true	scripts/run_sediments_simplex_contours.R
main	figure	fig:logistic-gaussian-simplex-d3	2718	img/yatquat_panel_simplex_logistic_gaussian_contours.pdf	true	scripts/run_sediments_simplex_contours.R
supplement	figure	fig:convergence_process_vmf_simple_mu_100	9636	img/simple_vmf_kappa0.5_mu1p0_0p0_0p0_geodesic_M10000_grid10x10.png	true	scripts/plot_paper_vmf_convergence_from_rds.R
supplement	figure	fig:convergence_process_vmf_simple_mu_100	9642	img/simple_vmf_kappa1_mu1p0_0p0_0p0_geodesic_M10000_grid10x10.png	true	scripts/plot_paper_vmf_convergence_from_rds.R
supplement	figure	fig:convergence_process_vmf_simple_mu_100	9648	img/simple_vmf_kappa5_mu1p0_0p0_0p0_geodesic_M10000_grid10x10.png	true	scripts/plot_paper_vmf_convergence_from_rds.R
supplement	figure	fig:convergence_process_vmf_simple_mu_100	9654	img/qq_simple_vmf_kappa0.5_mu1p0_0p0_0p0_geodesic_M10000_grid10x10.png	true	scripts/plot_paper_vmf_convergence_from_rds.R
supplement	figure	fig:convergence_process_vmf_simple_mu_100	9660	img/qq_simple_vmf_kappa1_mu1p0_0p0_0p0_geodesic_M10000_grid10x10.png	true	scripts/plot_paper_vmf_convergence_from_rds.R
supplement	figure	fig:convergence_process_vmf_simple_mu_100	9666	img/qq_simple_vmf_kappa5_mu1p0_0p0_0p0_geodesic_M10000_grid10x10.png	true	scripts/plot_paper_vmf_convergence_from_rds.R
supplement	figure	fig:convergence_process_vmf_comp_mu_100	9677	img/comp_vmf_xi_kappa0.5_mu1p0_0p0_0p0_geodesic_M10000_grid10x10.png	true	scripts/plot_paper_vmf_convergence_from_rds.R
supplement	figure	fig:convergence_process_vmf_comp_mu_100	9683	img/comp_vmf_xi_kappa1_mu1p0_0p0_0p0_geodesic_M10000_grid10x10.png	true	scripts/plot_paper_vmf_convergence_from_rds.R
supplement	figure	fig:convergence_process_vmf_comp_mu_100	9689	img/comp_vmf_xi_kappa5_mu1p0_0p0_0p0_geodesic_M10000_grid10x10.png	true	scripts/plot_paper_vmf_convergence_from_rds.R
supplement	figure	fig:convergence_process_vmf_comp_mu_100	9695	img/qq_comp_vmf_xi_kappa0.5_mu1p0_0p0_0p0_geodesic_M10000_grid10x10.png	true	scripts/plot_paper_vmf_convergence_from_rds.R
supplement	figure	fig:convergence_process_vmf_comp_mu_100	9701	img/qq_comp_vmf_xi_kappa1_mu1p0_0p0_0p0_geodesic_M10000_grid10x10.png	true	scripts/plot_paper_vmf_convergence_from_rds.R
supplement	figure	fig:convergence_process_vmf_comp_mu_100	9707	img/qq_comp_vmf_xi_kappa5_mu1p0_0p0_0p0_geodesic_M10000_grid10x10.png	true	scripts/plot_paper_vmf_convergence_from_rds.R
